0,NA_SE_PL_WALK_GROUND,
1,NA_SE_PL_WALK_SAND,
2,NA_SE_PL_WALK_CONCRETE,
3,NA_SE_PL_WALK_DIRT,
4,NA_SE_PL_WALK_WATER0,
5,NA_SE_PL_WALK_WATER1,
6,NA_SE_PL_WALK_WATER2,
7,NA_SE_PL_WALK_MAGMA,
8,NA_SE_PL_WALK_GRASS,
9,NA_SE_PL_WALK_IRON,
10,NA_SE_PL_WALK_LADDER,
11,NA_SE_PL_WALK_GLASS,
12,NA_SE_PL_WALK_METAL1,
13,NA_SE_PL_WALK_SNOW,
14,NA_SE_PL_WALK_ICE,
15,NA_SE_PL_JUMP_GROUND,
16,NA_SE_PL_JUMP_SAND,
17,NA_SE_PL_JUMP_CONCRETE,
18,NA_SE_PL_JUMP_DIRT,
19,NA_SE_PL_JUMP_WATER0,
20,NA_SE_PL_JUMP_WATER1,
21,NA_SE_PL_JUMP_WATER2,
22,NA_SE_PL_JUMP_MAGMA,
23,NA_SE_PL_JUMP_GRASS,
24,NA_SE_PL_JUMP_IRON,
25,NA_SE_PL_JUMP_LADDER,
26,NA_SE_PL_JUMP_GLASS,
27,NA_SE_PL_DUMMY_28,
28,NA_SE_PL_JUMP_HEAVYBOOTS,
29,NA_SE_PL_JUMP_SNOW,
30,NA_SE_PL_JUMP_ICE,
31,NA_SE_PL_LAND_GROUND,
32,NA_SE_PL_LAND_SAND,
33,NA_SE_PL_LAND_CONCRETE,
34,NA_SE_PL_LAND_DIRT,
35,NA_SE_PL_LAND_WATER0,
36,NA_SE_PL_LAND_WATER1,
37,NA_SE_PL_LAND_WATER2,
38,NA_SE_PL_LAND_MAGMA,
39,NA_SE_PL_LAND_GRASS,
40,NA_SE_PL_LAND_IRON,
41,NA_SE_PL_LAND_LADDER,
42,NA_SE_PL_LAND_GLASS,
43,NA_SE_PL_DUMMY_44,
44,NA_SE_PL_LAND_HEAVYBOOTS,
45,NA_SE_PL_LAND_SNOW,
46,NA_SE_PL_LAND_ICE,
47,NA_SE_PL_SLIPDOWN,
48,NA_SE_PL_CLIMB_CLIFF,
49,NA_SE_PL_SIT_ON_HORSE,
50,NA_SE_PL_GET_OFF_HORSE,
51,NA_SE_PL_TAKE_OUT_SHIELD,
52,NA_SE_PL_CHANGE_ARMS,
53,NA_SE_PL_CATCH_BOOMERANG,
54,NA_SE_PL_DIVE_INTO_WATER,
55,NA_SE_PL_JUMP_OUT_WATER,
56,NA_SE_PL_SWIM,
57,NA_SE_PL_THROW,
58,NA_SE_PL_BODY_BOUND,
59,NA_SE_PL_ROLL,
60,NA_SE_PL_SKIP,
61,NA_SE_PL_BODY_HIT,
62,NA_SE_PL_DAMAGE,
63,NA_SE_PL_SLIP,
64,NA_SE_PL_SLIP_SAND,
65,NA_SE_PL_SLIP_CONCRETE,
66,NA_SE_PL_SLIP_DIRT,
67,NA_SE_PL_SLIP_WATER0,
68,NA_SE_PL_SLIP_WATER1,
69,NA_SE_PL_SLIP_WATER2,
70,NA_SE_PL_SLIP_MAGMA,
71,NA_SE_PL_SLIP_GRASS,
72,NA_SE_PL_SLIP_IRON,
73,NA_SE_PL_SLIP_LADDER,
74,NA_SE_PL_SLIP_GLASS,
75,NA_SE_PL_DUMMY76,
76,NA_SE_PL_SLIP_HEAVYBOOTS,
77,NA_SE_PL_SLIP_SNOW,
78,NA_SE_PL_SLIP_ICE,
79,NA_SE_PL_BOUND,
80,NA_SE_PL_BOUND_SAND,
81,NA_SE_PL_BOUND_CONCRETE,
82,NA_SE_PL_BOUND_DIRT,
83,NA_SE_PL_BOUND_WATER0,
84,NA_SE_PL_BOUND_WATER1,
85,NA_SE_PL_BOUND_WATER2,
86,NA_SE_PL_BOUND_MAGMA,
87,NA_SE_PL_BOUND_GRASS,
88,NA_SE_PL_BOUND_IRON,
89,NA_SE_PL_BOUND_LADDER,
90,NA_SE_PL_BOUND_WOOD,
91,NA_SE_PL_DUMMY_92,
92,NA_SE_PL_BOUND_HEAVYBOOTS,
93,NA_SE_PL_BOUND_SNOW,
94,NA_SE_PL_BOUND_ICE,
95,NA_SE_PL_BOW_DRAW,
96,NA_SE_PL_MEATL_BOOTS_JUMP,
97,NA_SE_PL_DUMMY_98,
98,NA_SE_PL_FACE_UP,
99,NA_SE_PL_DIVE_BUBBLE,
100,NA_SE_PL_MOVE_BUBBLE,
101,NA_SE_PL_METALEFFECT_KID,
102,NA_SE_PL_METALEFFECT_ADULT,
103,NA_SE_PL_SPARK,
104,NA_SE_PL_PULL_UP_PLANT,
105,NA_SE_PL_PULL_UP_ROCK,
106,NA_SE_PL_IN_BUBBLE,
107,NA_SE_PL_PULL_UP_BIGROCK,
108,NA_SE_PL_SWORD_CHARGE,
109,NA_SE_PL_FREEZE,
110,NA_SE_PL_PULL_UP_POT,
111,NA_SE_PL_KNOCK,
112,NA_SE_PL_CALM_HIT,
113,NA_SE_PL_CALM_PAT,
114,NA_SE_PL_SUBMERGE,
115,NA_SE_PL_FREEZE_S,
116,NA_SE_PL_ICE_BROKEN,
117,NA_SE_PL_SLIP_ICE_LELEL,
118,NA_SE_PL_PUT_OUT_ITEM,
119,NA_SE_PL_PULL_UP_WOODBOX,
120,NA_SE_PL_MAGIC_FIRE,
121,NA_SE_PL_MAGIC_WIND_NORMAL,
122,NA_SE_PL_MAGIC_WIND_WARP,
123,NA_SE_PL_MAGIC_SOUL_NORMAL,
124,NA_SE_PL_ARROW_CHARGE_FIRE,
125,NA_SE_PL_ARROW_CHARGE_ICE,
126,NA_SE_PL_ARROW_CHARGE_LIGHT,
127,NA_SE_PL_PULL_UP_RUTO,
128,NA_SE_PL_CRAWL,
129,NA_SE_PL_CRAWL_SAND,
130,NA_SE_PL_CRAWL_CONCRETE,
131,NA_SE_PL_CRAWL_DIRT,
132,NA_SE_PL_CRAWL_WATER0,
133,NA_SE_PL_CRAWL_WOOD,
134,NA_SE_PL_CRAWL_ICE,
135,NA_SE_PL_MAGIC_SOUL_FLASH,
136,NA_SE_PL_ROLL_DUST,
137,NA_SE_PL_MAGIC_SOUL_BALL,
138,NA_SE_PL_SPIRAL_HEAL_BEAM,
139,NA_SE_PL_BOUND_NOWEAPON,
140,NA_SE_PL_PLANT_GROW_UP,
141,NA_SE_PL_PLANT_TALLER,
142,NA_SE_PL_MAGIC_WIND_VANISH,
143,NA_SE_PL_HOBBERBOOTS_LV,
144,NA_SE_PL_PLANT_MOVE,
10240,NA_SE_EV_WALL_MOVE_SP,
145,NA_SE_PL_PLANT_GROW_BIG,
146,NA_SE_PL_TELESCOPE_MOVEMENT,
147,NA_SE_PL_GIANT_WALK,
148,NA_SE_PL_CHIBI_FAIRY_HEAL,
149,NA_SE_PL_SLIP_LEVEL,
150,NA_SE_PL_SLIP_SAND_LEVEL,
151,NA_SE_PL_SLIP_CONCRETE_LEVEL,
152,NA_SE_PL_SLIP_DIRT_LEVEL,
153,NA_SE_PL_SLIP_WATER0_LEVEL,
154,NA_SE_PL_SLIP_WATER1_LEVEL,
155,NA_SE_PL_SLIP_WATER2_LEVEL,
156,NA_SE_PL_SLIP_MAGMA_LEVEL,
157,NA_SE_PL_SLIP_GRASS_LEVEL,
158,NA_SE_PL_SLIP_IRON_LEVEL,
159,NA_SE_PL_SLIP_LADDER_LEVEL,
160,NA_SE_PL_SLIP_GLASS_LEVEL,
161,NA_SE_PL_DUMMY_220,
162,NA_SE_PL_SLIP_HEAVYBOOTS_LEVEL,
163,NA_SE_PL_DUMMY_222,
164,NA_SE_PL_SLIP_ICE_LEVEL,
165,NA_SE_PL_DEKUNUTS_FIRE,
166,NA_SE_PL_GORON_BALLJUMP,
167,NA_SE_PL_DEKUNUTS_IN_GRD,
168,NA_SE_PL_DEKUNUTS_OUT_GRD,
169,NA_SE_PL_TRANSFORM,
170,NA_SE_PL_TRANSFORM_DEMO,
171,NA_SE_PL_GORON_TO_BALL,
172,NA_SE_PL_BALL_TO_GORON,
173,NA_SE_PL_GORON_PUNCH,
174,NA_SE_PL_SINK_ON_SAND,
175,NA_SE_PL_SINK_ON_SNOW,
176,NA_SE_PL_GORON_BALL_CHARGE,
177,NA_SE_PL_ZORA_SWIM_DASH,
178,NA_SE_PL_ZORA_SWIM_LV,
179,NA_SE_PL_ZORA_SWIM_ROLL,
180,NA_SE_PL_GORON_SQUAT,
181,NA_SE_PL_DUMMY_240,
182,NA_SE_PL_DUMMY_241,
183,NA_SE_PL_DUMMY_242,
184,NA_SE_PL_DUMMY_243,
185,NA_SE_PL_DUMMY_244,
186,NA_SE_PL_DUMMY_245,
187,NA_SE_PL_DUMMY_246,
188,NA_SE_PL_DUMMY_247,
189,NA_SE_PL_DUMMY_248,
190,NA_SE_PL_DUMMY_249,
191,NA_SE_PL_DUMMY_250,
192,NA_SE_PL_DUMMY_251,
193,NA_SE_PL_DUMMY_252,
194,NA_SE_PL_DUMMY_253,
195,NA_SE_PL_DUMMY_254,
196,NA_SE_PL_DUMMY_255,
197,NA_SE_PL_DUMMY_256,
198,NA_SE_PL_DUMMY_257,
199,NA_SE_PL_DUMMY_258,
200,NA_SE_PL_DUMMY_259,
201,NA_SE_PL_DUMMY_260,
202,NA_SE_PL_DUMMY_261,
203,NA_SE_PL_DUMMY_262,
204,NA_SE_PL_DUMMY_263,
205,NA_SE_PL_DUMMY_264,
206,NA_SE_PL_DUMMY_265,
207,NA_SE_PL_DUMMY_266,
208,NA_SE_PL_DUMMY_267,
209,NA_SE_PL_DUMMY_268,
210,NA_SE_PL_DUMMY_269,
211,NA_SE_PL_DUMMY_270,
212,NA_SE_PL_DUMMY_271,
213,NA_SE_PL_DUMMY_272,
214,NA_SE_PL_DUMMY_273,
215,NA_SE_PL_DUMMY_274,
216,NA_SE_PL_DUMMY_275,
217,NA_SE_PL_DUMMY_276,
218,NA_SE_PL_DUMMY_277,
219,NA_SE_PL_DUMMY_278,
220,NA_SE_PL_DUMMY_279,
221,NA_SE_PL_DUMMY_280,
222,NA_SE_PL_DUMMY_281,
223,NA_SE_PL_DUMMY_282,
224,NA_SE_PL_DUMMY_283,
225,NA_SE_PL_DUMMY_284,
226,NA_SE_PL_DUMMY_285,
227,NA_SE_PL_DUMMY_286,
228,NA_SE_PL_DUMMY_287,
229,NA_SE_PL_DUMMY_288,
230,NA_SE_PL_DUMMY_289,
231,NA_SE_PL_DUMMY_290,
232,NA_SE_PL_DUMMY_291,
233,NA_SE_PL_DUMMY_292,
234,NA_SE_PL_DUMMY_293,
235,NA_SE_PL_DUMMY_294,
236,NA_SE_PL_DUMMY_295,
237,NA_SE_PL_DUMMY_296,
238,NA_SE_PL_DUMMY_297,
239,NA_SE_PL_DUMMY_298,
240,NA_SE_PL_DUMMY_299,
241,NA_SE_PL_DUMMY_300,
242,NA_SE_PL_DUMMY_301,
243,NA_SE_PL_DUMMY_302,
244,NA_SE_PL_DUMMY_303,
245,NA_SE_PL_DUMMY_304,
246,NA_SE_PL_DUMMY_305,
247,NA_SE_PL_DUMMY_306,
248,NA_SE_PL_DUMMY_307,
249,NA_SE_PL_DUMMY_308,
250,NA_SE_PL_DUMMY_309,
251,NA_SE_PL_DUMMY_310,
252,NA_SE_PL_DUMMY_311,
253,NA_SE_PL_DUMMY_312,
254,NA_SE_PL_DUMMY_313,
255,NA_SE_PL_DUMMY_314,
256,NA_SE_PL_DUMMY_315,
257,NA_SE_PL_DUMMY_316,
258,NA_SE_PL_DUMMY_317,
259,NA_SE_PL_DUMMY_318,
260,NA_SE_PL_DUMMY_319,
261,NA_SE_PL_DUMMY_320,
262,NA_SE_PL_DUMMY_321,
263,NA_SE_PL_DUMMY_322,
264,NA_SE_PL_DUMMY_323,
265,NA_SE_PL_DUMMY_324,
266,NA_SE_PL_DUMMY_325,
267,NA_SE_PL_DUMMY_326,
268,NA_SE_PL_DUMMY_327,
269,NA_SE_PL_DUMMY_328,
270,NA_SE_PL_DUMMY_329,
271,NA_SE_PL_DUMMY_330,
272,NA_SE_PL_DUMMY_331,
273,NA_SE_PL_DUMMY_332,
274,NA_SE_PL_DUMMY_333,
275,NA_SE_PL_DUMMY_334,
276,NA_SE_PL_DUMMY_335,
277,NA_SE_PL_DUMMY_336,
278,NA_SE_PL_DUMMY_337,
279,NA_SE_PL_DUMMY_338,
280,NA_SE_PL_DUMMY_339,
281,NA_SE_PL_DUMMY_340,
282,NA_SE_PL_DUMMY_341,
283,NA_SE_PL_DUMMY_342,
284,NA_SE_PL_DUMMY_343,
285,NA_SE_PL_DUMMY_344,
286,NA_SE_PL_DUMMY_345,
287,NA_SE_PL_DUMMY_346,
288,NA_SE_PL_DUMMY_347,
289,NA_SE_PL_DUMMY_348,
290,NA_SE_PL_DUMMY_349,
291,NA_SE_PL_DUMMY_350,
292,NA_SE_PL_DUMMY_351,
10241,NA_SE_EV_MARATHONMAN_RISE,
293,NA_SE_PL_DUMMY_353,
294,NA_SE_PL_DUMMY_354,
295,NA_SE_PL_DUMMY_355,
296,NA_SE_PL_DUMMY_356,
297,NA_SE_PL_DUMMY_357,
298,NA_SE_PL_DUMMY_358,
299,NA_SE_PL_DUMMY_359,
300,NA_SE_PL_DUMMY_360,
301,NA_SE_PL_DUMMY_361,
302,NA_SE_PL_DUMMY_362,
303,NA_SE_PL_DUMMY_363,
304,NA_SE_PL_DUMMY_364,
305,NA_SE_PL_DUMMY_365,
306,NA_SE_PL_DUMMY_366,
307,NA_SE_PL_DUMMY_367,
10242,NA_SE_EV_MARATHONMAN_LAND,
308,NA_SE_PL_DUMMY_369,
309,NA_SE_PL_DUMMY_370,
310,NA_SE_PL_DUMMY_371,
311,NA_SE_PL_DUMMY_372,
312,NA_SE_PL_DUMMY_373,
313,NA_SE_PL_DUMMY_374,
314,NA_SE_PL_DUMMY_375,
315,NA_SE_PL_DUMMY_376,
316,NA_SE_PL_DUMMY_377,
317,NA_SE_PL_DUMMY378,
318,NA_SE_PL_DUMMY_379,
319,NA_SE_PL_DUMMY_380,
320,NA_SE_PL_DUMMY_381,
321,NA_SE_PL_DUMMY_382,
322,NA_SE_PL_DUMMY_383,
323,NA_SE_PL_GORON_CHG_ROLL,
324,NA_SE_PL_DUMMY_385,
325,NA_SE_PL_DUMMY_386,
326,NA_SE_PL_DUMMY_387,
327,NA_SE_PL_DUMMY_388,
328,NA_SE_PL_DUMMY_389,
329,NA_SE_PL_DUMMY_390,
330,NA_SE_PL_DUMMY_391,
331,NA_SE_PL_DUMMY_392,
332,NA_SE_PL_DUMMY_393,
333,NA_SE_PL_DUMMY_394,
334,NA_SE_PL_DUMMY_395,
335,NA_SE_PL_DUMMY_396,
336,NA_SE_PL_DUMMY_397,
337,NA_SE_PL_DUMMY_398,
338,NA_SE_PL_GORON_CHG_ROLL_ICE,
339,NA_SE_PL_GORON_ROLL,
340,NA_SE_PL_DUMMY_401,
341,NA_SE_PL_DUMMY_402,
342,NA_SE_PL_DUMMY_403,
343,NA_SE_PL_DUMMY_404,
344,NA_SE_PL_DUMMY_405,
345,NA_SE_PL_DUMMY_406,
346,NA_SE_PL_DUMMY_407,
347,NA_SE_PL_DUMMY_408,
348,NA_SE_PL_DUMMY_409,
349,NA_SE_PL_DUMMY_410,
350,NA_SE_PL_DUMMY_411,
351,NA_SE_PL_DUMMY_412,
352,NA_SE_PL_DUMMY_413,
353,NA_SE_PL_DUMMY_414,
354,NA_SE_PL_GORON_ROLL_ICE,
355,NA_SE_PL_DEKUNUTS_BUD,
356,NA_SE_PL_DEKUNUTS_BUBLE_BREATH,
357,NA_SE_PL_GORON_BALL_CHARGE_FAILED,
358,NA_SE_PL_GORON_BALL_CHARGE_DASH,
359,NA_SE_PL_FACE_CHANGE,
360,NA_SE_PL_FACE_UP_S,
361,NA_SE_PL_DEKUNUTS_STRUGGLE,
362,NA_SE_PL_WARP_PLATE,
363,NA_SE_PL_WARP_PLATE_OUT,
364,NA_SE_PL_DEKUNUTS_ATTACK,
365,NA_SE_PL_TRANSFORM_VOICE,
366,NA_SE_PL_FACE_RETURN,
367,NA_SE_PL_DEKUNUTS_DROP_BOMB,
368,NA_SE_PL_GORON_SLIP,
369,NA_SE_PL_ROLL_SNOW_DUST,
370,NA_SE_PL_ZORA_SPARK_BARRIER,
371,NA_SE_PL_DEKUNUTS_JUMP,
372,NA_SE_PL_DEKUNUTS_JUMP2,
373,NA_SE_PL_DEKUNUTS_JUMP3,
374,NA_SE_PL_DEKUNUTS_JUMP4,
375,NA_SE_PL_DEKUNUTS_JUMP5,
376,NA_SE_PL_DEKUNUTS_JUMP6,
377,NA_SE_PL_DEKUNUTS_JUMP7,
378,NA_SE_PL_DEKUNUTS_JUMP8,
379,NA_SE_PL_GORON_STOMACH_EXPLOSION,
380,NA_SE_PL_GORON_DRINK_BOMB,
381,NA_SE_PL_GET_UP,
382,NA_SE_PL_WARP_WING_OPEN,
383,NA_SE_PL_WARP_WING_CLOSE,
384,NA_SE_PL_WARP_WING_ROLL,
385,NA_SE_PL_WARP_WING_VANISH,
386,NA_SE_PL_DEKUNUTS_MISS_FIRE,
387,NA_SE_PL_FLYING_AIR,
388,NA_SE_PL_FIREWORKS,
389,NA_SE_PL_FIREWORKS_DUMMY,
390,NA_SE_PL_PULL_UP_SNOWBALL,
391,NA_SE_PL_WARP_WING_ROLL_2,
392,NA_SE_PL_TRANSFORM_GIANT,
393,NA_SE_PL_TRANSFORM_NORAML,
394,NA_SE_PL_LI_OKARINATORI,
395,NA_SE_PL_LI_FUTTOBI,
396,NA_SE_PL_LI_OP_OKIAGARI,
397,NA_SE_PL_LI_OP_TATIAGARI,
398,NA_SE_PL_JUMP_METAL,
399,NA_SE_PL_LAND_METAL,
400,NA_SE_PL_BOUND_METAL,
401,NA_SE_PL_WALK_WALL,
402,NA_SE_PL_WALK_WALL_DEKU,
403,NA_SE_PL_WALK_WALL_ZORA,
404,NA_SE_PL_WALK_WALL_GORON,
405,NA_SE_PL_DEKU_IDOLING1,
406,NA_SE_PL_GOLON_IDOLING1,
407,NA_SE_PL_ZORA_IDOLING1,
408,NA_SE_PL_WALK_WALL2_METAL,
409,NA_SE_PL_WALK_WALL2_DEKU,
410,NA_SE_PL_WALK_WALL2_ZORA,
411,NA_SE_PL_WALK_WALL2_GORON,
412,NA_SE_PL_WALK_WEED,
413,NA_SE_PL_WALK_WOOD,
414,NA_SE_PL_JUMP_WOOD,
415,NA_SE_PL_LAND_WOOD,
416,NA_SE_PL_GIANT_SWING,
417,NA_SE_PL_GIANT_SWING2,
418,NA_SE_PL_GIANT_SWING_FINISH,
419,NA_SE_PL_GIANT_GUARD,
420,NA_SE_PL_GIANT_GUARD_OFF,
421,NA_SE_PL_GORON_GAKKI_START,
422,NA_SE_PL_KEIREI,
423,NA_SE_PL_GIANT_LINK_FOOT,
424,NA_SE_PL_DUMMY485,
6144,NA_SE_IT_SWORD_IMPACT,
6145,NA_SE_IT_SWORD_SWING,
6146,NA_SE_IT_SWORD_PUTAWAY,
6147,NA_SE_IT_SWORD_PICKOUT,
6148,NA_SE_IT_ARROW_SHOT,
6149,NA_SE_IT_BOOMERANG_THROW,
6150,NA_SE_IT_SHIELD_BOUND,
6151,NA_SE_IT_BOW_DRAW,
6152,NA_SE_IT_SHIELD_REFLECT_SW,
6153,NA_SE_IT_ARROW_STICK_HRAD,
6154,NA_SE_IT_HAMMER_HIT,
6155,NA_SE_IT_HOOKSHOT_CHAIN,
6156,NA_SE_IT_SHIELD_REFLECT_MG,
6157,NA_SE_IT_BOMB_IGNIT,
6158,NA_SE_IT_BOMB_EXPLOSION,
6159,NA_SE_IT_BOMB_UNEXPLOSION,
6160,NA_SE_IT_BOOMERANG_FLY,
6161,NA_SE_IT_SWORD_STRIKE,
6162,NA_SE_IT_HAMMER_SWING,
6163,NA_SE_IT_HOOKSHOT_REFLECT,
6164,NA_SE_IT_HOOKSHOT_STICK_CRE,
6165,NA_SE_IT_ARROW_STICK_OBJ,
6166,NA_SE_IT_SWORD_SLASH,
6167,NA_SE_IT_SWORD_SLASH_HARD,
6168,NA_SE_IT_SWORD_SWING_HARD,
6169,NA_SE_IT_BOMB_BOUND,
6170,NA_SE_IT_WALL_HIT_HARD,
6171,NA_SE_IT_WALL_HIT_SOFT,
6172,NA_SE_IT_STONE_HIT,
6173,NA_SE_IT_WOODSTICK_BROKEN,
6174,NA_SE_IT_LASH,
6175,NA_SE_IT_SHIELD_SWING,
6176,NA_SE_IT_SLING_SHOT,
6177,NA_SE_IT_SLING_DRAW,
6178,NA_SE_IT_SWORD_CHARGE,
6179,NA_SE_IT_ROLLING_CUT,
6180,NA_SE_IT_SWORD_STRIKE_HARD,
6181,NA_SE_IT_SLING_REFLECT,
6182,NA_SE_IT_SHIELD_REMOVE,
6183,NA_SE_IT_HOOKSHOT_READY,
6184,NA_SE_IT_HOOKSHOT_RECEIVE,
6185,NA_SE_IT_HOOKSHOT_STICK_OBJ,
6186,NA_SE_IT_SWORD_REFLECT_MG,
6187,NA_SE_IT_DEKU,
6188,NA_SE_IT_WALL_HIT_BUYO,
6189,NA_SE_IT_SWORD_PUTAWAY_STN,
6190,NA_SE_IT_ROLLING_CUT_LV1,
6191,NA_SE_IT_ROLLING_CUT_LV2,
6192,NA_SE_IT_BOW_FLICK,
6193,NA_SE_IT_BOMBCHU_MOVE,
6194,NA_SE_IT_SHIELD_CHARGE_LV1,
6195,NA_SE_IT_SHIELD_CHARGE_LV2,
6196,NA_SE_IT_SHIELD_CHARGE_LV3,
6197,NA_SE_IT_SLING_FLICK,
6198,NA_SE_IT_SWORD_STICK_STN,
6199,NA_SE_IT_REFLECTION_WOOD,
6200,NA_SE_IT_SHIELD_REFLECT_MG2,
6201,NA_SE_IT_MAGIC_ARROW_SHOT,
6202,NA_SE_IT_EXPLOSION_FRAME,
6203,NA_SE_IT_EXPLOSION_ICE,
6204,NA_SE_IT_EXPLOSION_LIGHT,
6205,NA_SE_IT_FISHING_REEL_SLOW,
6206,NA_SE_IT_FISHING_REEL_HIGH,
6207,NA_SE_IT_PULL_FISHING_ROD,
6208,NA_SE_IT_DM_FLYING_GOD_PASS,
6209,NA_SE_IT_DM_FLYING_GOD_DASH,
6210,NA_SE_IT_DM_RING_EXPLOSION,
6211,NA_SE_IT_DM_RING_GATHER,
6212,NA_SE_IT_INGO_HORSE_NEIGH,
6213,NA_SE_IT_EARTHQUAKE,
6214,NA_SE_IT_ERUPTION_PILLAR,
6215,NA_SE_IT_KAKASHI_JUMP,
6216,NA_SE_IT_FLAME,
6217,NA_SE_IT_SHIELD_BEAM,
6218,NA_SE_IT_FISHING_HIT,
6219,NA_SE_IT_GOODS_APPEAR,
6220,NA_SE_IT_MAJIN_SWORD_BROKEN,
6221,NA_SE_IT_HAND_CLAP,
6222,NA_SE_IT_MASTER_SWORD_SWING,
6223,NA_SE_IT_GORON_BALLFANG,
6224,NA_SE_IT_DEKUNUTS_FLOWER_OPEN,
6225,NA_SE_IT_DEKUNUTS_FLOWER_ROLL,
6226,NA_SE_IT_DEKUNUTS_FLOWER_CLOSE,
6227,NA_SE_IT_DEKUNUTS_BUBLE_BROKEN,
6228,NA_SE_IT_DEKUNUTS_BUBLE_VANISH,
6229,NA_SE_IT_DEKUNUTS_DROP_BOMB,
6230,NA_SE_IT_SET_TRANSFORM_MASK,
6231,NA_SE_IT_GORON_PUNCH_SWING,
6232,NA_SE_IT_TRANSFORM_MASK_BROKEN,
6233,NA_SE_IT_ZORA_KICK_SWING,
6234,NA_SE_IT_DEKUNUTS_BUBLE_SHOT_LEVEL,
6235,NA_SE_IT_BIG_BOMB_IGNIT,
6236,NA_SE_IT_BIG_BOMB_EXPLOSION,
6237,NA_SE_IT_REFLECTION_SNOW,
6238,NA_SE_IT_GORON_ROLLING_REFLECTION,
6239,NA_SE_IT_MASK_BOUND_0,
6240,NA_SE_IT_MASK_BOUND_1,
6241,NA_SE_IT_MASK_BOUND_SAND,
6242,NA_SE_IT_REFLECTION_WATER,
6243,NA_SE_IT_KYOJIN_BEARING,
6244,NA_SE_IT_LURE_LAND1,
6245,NA_SE_IT_ROD_THROW,
6246,NA_SE_IT_REFLECT_BOSS,
6247,NA_SE_IT_SHIELD_SWING_ZORA,
6248,NA_SE_IT_SHIELD_REMOVE_ZORA,
6249,NA_SE_IT_BOMB_EXPLOSION2,
6250,NA_SE_IT_FISHING_REEL_REVERSE,
6251,NA_SE_IT_FISHING_WORM_BOUND,
6252,NA_SE_IT_DUMMY_109,
6253,NA_SE_IT_DUMMY_110,
10243,NA_SE_EV_DOOR_OPEN,
10244,NA_SE_EV_DOOR_CLOSE,
10245,NA_SE_EV_EXPLOSION,
10246,NA_SE_EV_HORSE_WALK,
10247,NA_SE_EV_HORSE_RUN,
10248,NA_SE_EV_HORSE_NEIGH,
10249,NA_SE_EV_RIVER_STREAM,
10250,NA_SE_EV_WATER_WALL_BIG,
10251,NA_SE_EV_OUT_OF_WATER,
10252,NA_SE_EV_DIVE_WATER,
10253,NA_SE_EV_ROCK_SLIDE,
10254,NA_SE_EV_MAGMA_LEVEL,
10255,NA_SE_EV_BRIDGE_OPEN,
10256,NA_SE_EV_BRIDGE_CLOSE,
10257,NA_SE_EV_BRIDGE_OPEN_STOP,
10258,NA_SE_EV_BRIDGE_CLOSE_STOP,
10259,NA_SE_EV_WALL_BROKEN,
10260,NA_SE_EV_CHICKEN_CRY_N,
10261,NA_SE_EV_CHICKEN_CRY_A,
10262,NA_SE_EV_CHICKEN_CRY_M,
10263,NA_SE_EV_SLIDE_DOOR_OPEN,
10264,NA_SE_EV_FOOT_SWITCH,
10265,NA_SE_EV_HORSE_GROAN,
10266,NA_SE_EV_BOMB_DROP_WATER,
10267,NA_SE_EV_HORSE_JUMP,
10268,NA_SE_EV_HORSE_LAND,
10269,NA_SE_EV_HORSE_SLIP,
10270,NA_SE_EV_WHITE_FAIRY_DASH,
10271,NA_SE_EV_SLIDE_DOOR_CLOSE,
10272,NA_SE_EV_BIGWALL_BOUND,
10273,NA_SE_EV_STONE_STATUE_OPEN,
10274,NA_SE_EV_TBOX_UNLOCK,
10275,NA_SE_EV_TBOX_OPEN,
18432,NA_SE_SY_TIMER,
10276,NA_SE_EV_FLAME_IGNITION,
10277,NA_SE_EV_SPEAR_HIT,
10278,NA_SE_EV_ELEVATOR_MOVE,
10279,NA_SE_EV_WARP_HOLE,
10280,NA_SE_EV_LINK_WARP,
10281,NA_SE_EV_PILLAR_SINK,
10282,NA_SE_EV_WATER_WALL,
10283,NA_SE_EV_RIVER_STREAM_S,
10284,NA_SE_EV_RIVER_STREAM_F,
10285,NA_SE_EV_KID_HORSE_LAND2,
10286,NA_SE_EV_KID_HORSE_SANDDUST,
10287,NA_SE_EV_DUMMY_45,
10288,NA_SE_EV_LIGHTNING,
10289,NA_SE_EV_BOMB_BOUND,
10290,NA_SE_EV_WATERDROP,
10291,NA_SE_EV_TORCH,
10292,NA_SE_EV_MAGMA_LEVEL_M,
10293,NA_SE_EV_FIRE_PILLAR,
10294,NA_SE_EV_FIRE_PLATE,
10295,NA_SE_EV_BLOCK_BOUND,
10296,NA_SE_EV_METALDOOR_SLIDE,
10297,NA_SE_EV_METALDOOR_STOP,
10298,NA_SE_EV_BLOCK_SHAKE,
10299,NA_SE_EV_BOX_BREAK,
10300,NA_SE_EV_HAMMER_SWITCH,
10301,NA_SE_EV_MAGMA_LEVEL_L,
10302,NA_SE_EV_SPEAR_FENCE,
10303,NA_SE_EV_WATERDROP_GRD,
10304,NA_SE_EV_EXPLSION_LONG,
10305,NA_SE_EV_WATER_WALL_BIG_SILENT,
10306,NA_SE_EV_DESERT_WARPHOLE,
10307,NA_SE_EV_FOUNTAIN,
10308,NA_SE_EV_KID_HORSE_WALK,
10309,NA_SE_EV_KID_HORSE_RUN,
10310,NA_SE_EV_KID_HORSE_NEIGH,
10311,NA_SE_EV_KID_HORSE_GROAN,
10312,NA_SE_EV_S_STONE_FLASH,
10313,NA_SE_EV_LIGHT_GATHER,
10314,NA_SE_EV_TREE_CUT,
10315,NA_SE_EV_VOLCANO,
10316,NA_SE_EV_POSTMAN_WALK,
10317,NA_SE_EV_POSTMACHINE_HIT_OPEN,
10318,NA_SE_EV_POSTMACHINE_OPEN,
10319,NA_SE_EV_CHINETRAP_DOWN,
10320,NA_SE_EV_PLANT_BROKEN,
10321,NA_SE_EV_STONE_SWITCH_ON,
10322,NA_SE_EV_FLUTTER_FLAG,
10323,NA_SE_EV_TRAP_BOUND,
10324,NA_SE_EV_ROCK_BROKEN,
10325,NA_SE_EV_FANTOM_WARP_S2,
10326,NA_SE_EV_FANTOM_WARP_L2,
10327,NA_SE_EV_COFFIN_CAP_OPEN,
10328,NA_SE_EV_TRE_BOX_BOUND,
10329,NA_SE_EV_WIND_TRAP,
10330,NA_SE_EV_TRAP_OBJ_SLIDE,
10331,NA_SE_EV_METALDOOR_OPEN,
10332,NA_SE_EV_METALDOOR_CLOSE,
10333,NA_SE_EV_BURN_OUT,
10334,NA_SE_EV_BLOCKSINK,
10335,NA_SE_EV_CROWD,
10336,NA_SE_EV_WATER_LEVEL_DOWN,
10337,NA_SE_EV_NAVY_VANISH,
10338,NA_SE_EV_STONE_SWITCH_OFF,
10339,NA_SE_EV_WEB_VIBRATION,
10340,NA_SE_EV_ICE_STAND_APPEAR,
10341,NA_SE_EV_ROLL_STAND,
10342,NA_SE_EV_SEESAW_WATER_BOUND,
10343,NA_SE_EV_SECOM_CONVEYOR,
10344,NA_SE_EV_WOODDOOR_OPEN,
10345,NA_SE_EV_METALGATE_OPEN,
6254,NA_SE_IT_SCOOP_UP_WATER,
10346,NA_SE_EV_FISH_LEAP,
10347,NA_SE_EV_KAKASHI_SWING,
10348,NA_SE_EV_KAKASHI_ROLL,
10349,NA_SE_EV_BOTTLE_CAP_OPEN,
10350,NA_SE_EV_G_STONE_CRUSH,
10351,NA_SE_EV_KAKASH_LONGI_ROLL,
10352,NA_SE_EV_SUN_MARK_FLASH,
10353,NA_SE_EV_FALL_DOWN_DIRT,
10354,NA_SE_EV_SEESAW_BOUND,
10355,NA_SE_EV_FAIRY_ATTACK,
10356,NA_SE_EV_WOOD_HIT,
10357,NA_SE_EV_SCOOPUP_WATER,
10358,NA_SE_EV_DROP_FALL,
10359,NA_SE_EV_WOOD_GEAR,
10360,NA_SE_EV_TREE_SWING,
10361,NA_SE_EV_AUTO_DOOR_CLOSE,
10362,NA_SE_EV_NAVY_FLY_REBIRTH,
10363,NA_SE_EV_CHAINLIFT_STOP,
10364,NA_SE_EV_TRE_BOX_APPEAR,
10365,NA_SE_EV_CHAIN_KEY_UNLOCK,
10366,NA_SE_EV_SPINE_TRAP_MOVE,
10367,NA_SE_EV_HEALING,
10368,NA_SE_EV_GREAT_FAIRY_APPEAR,
10369,NA_SE_EV_GREAT_FAIRY_VANISH,
10370,NA_SE_EV_RED_EYE,
10371,NA_SE_EV_ROLL_STAND_2,
10372,NA_SE_EV_WALL_SLIDE,
10373,NA_SE_EV_TRE_BOX_FLASH,
10374,NA_SE_EV_WINDMILL_LEVEL,
10375,NA_SE_EV_GOTO_HEAVEN,
10376,NA_SE_EV_POT_BROKEN,
425,NA_SE_PL_PUT_DOWN_POT,
10377,NA_SE_EV_DIVE_INTO_WATER,
10378,NA_SE_EV_JUMP_OUT_WATER,
10379,NA_SE_EV_ICE_PIECE,
10380,NA_SE_EV_TRIFORCE,
10381,NA_SE_EV_AURORA,
10382,NA_SE_EV_CHIBI_FAIRY_SAVED,
10383,NA_SE_EV_BUYOSTAND_RISING,
10384,NA_SE_EV_BUYOSTAND_FALL,
10385,NA_SE_EV_MILK_POT_BROKEN,
10386,NA_SE_EV_CHAIR_ROLL,
10387,NA_SE_EV_STONEDOOR_STOP,
10388,NA_SE_EV_S_STONE_REVIVAL,
10389,NA_SE_EV_WATER_TANK,
10390,NA_SE_EV_HUMAN_BOUND,
10391,NA_SE_EV_TOILET_WATER,
10392,NA_SE_EV_EARTHQUAKE,
10393,NA_SE_EV_SWEEP,
10394,NA_SE_EV_GOD_LIGHTBALL_2,
10395,NA_SE_EV_RUN_AROUND,
10396,NA_SE_EV_CONSENTRATION,
10397,NA_SE_EV_TIMETRIP_LIGHT,
10398,NA_SE_EV_DOOR_BELL,
10399,NA_SE_EV_BOUND_ON_MAGMA,
10400,NA_SE_EV_HONEYCOMB_FALL,
10401,NA_SE_EV_JUMP_CONC,
10402,NA_SE_EV_ICE_MELT,
10403,NA_SE_EV_FIRE_PILLAR_S,
10404,NA_SE_EV_BLOCK_RISING,
10405,NA_SE_EV_CHINCLE_SPELL_EFFECT,
10406,NA_SE_EV_LINK_WARP_IN,
10407,NA_SE_EV_LINK_WARP_OUT,
10408,NA_SE_EV_FIATY_HEAL,
10409,NA_SE_EV_CHAIN_KEY_UNLOCK_B,
10410,NA_SE_EV_WOODBOX_BREAK,
10411,NA_SE_EV_PUT_DOWN_WOODBOX,
10412,NA_SE_EV_LAND_DIRT,
10413,NA_SE_EV_FLOOR_ROLLING,
10414,NA_SE_EV_DOG_CRY_EVENING,
10415,NA_SE_EV_JABJAB_HICCUP,
10416,NA_SE_EV_STICK_SWING,
10417,NA_SE_EV_FROG_JUMP,
10418,NA_SE_EV_ICE_FREEZE,
10419,NA_SE_EV_BURNING,
10420,NA_SE_EV_WOODPLATE_BOUND,
10421,NA_SE_EV_MOON_CRY,
10422,NA_SE_EV_JABJAB_GROAN,
10423,NA_SE_EV_WAVE_S,
10424,NA_SE_EV_BIGBALL_ROLL,
10425,NA_SE_EV_ELEVATOR_MOVE3,
10426,NA_SE_EV_DIAMOND_SWITCH,
10427,NA_SE_EV_FLAME_OF_FIRE,
10428,NA_SE_EV_FISH_GROW_UP,
10429,NA_SE_EV_FLYING_AIR,
10430,NA_SE_EV_PASS_AIR,
10431,NA_SE_EV_COME_UP_DEKU_JR,
10432,NA_SE_EV_SAND_STORM,
10433,NA_SE_EV_BOILED_WATER_S,
10434,NA_SE_EV_GRAVE_EXPLOSION,
10435,NA_SE_EV_LURE_MOVE_W,
10436,NA_SE_EV_POT_MOVE_START,
10437,NA_SE_EV_DIVE_INTO_WATER_L,
10438,NA_SE_EV_OUT_OF_WATER_L,
10439,NA_SE_EV_BOILED_WATER_L,
10440,NA_SE_EV_DIG_UP,
10441,NA_SE_EV_WOOD_BOUND,
10442,NA_SE_EV_WATER_BUBBLE,
10443,NA_SE_EV_ICE_BROKEN,
10444,NA_SE_EV_FROG_GROW_UP,
10445,NA_SE_EV_WATER_CONVECTION,
10446,NA_SE_EV_GROUND_GATE_OPEN,
10447,NA_SE_EV_FACE_BREAKDOWN,
10448,NA_SE_EV_TOILET_HAND_APPEAR,
10449,NA_SE_EV_TOILET_HAND_VANISH,
10450,NA_SE_EV_ROUND_TRAP_MOVE,
10451,NA_SE_EV_HIT_SOUND,
10452,NA_SE_EV_ICE_SWING,
10453,NA_SE_EV_DOWN_TO_GROUND,
10454,NA_SE_EV_BIG_TORTOISE_SWIM,
10455,NA_SE_EV_TORTOISE_WAKE_UP,
10456,NA_SE_EV_SMALL_DOG_BARK,
10457,NA_SE_EV_RUPY_FALL,
10458,NA_SE_EV_RAIN,
10459,NA_SE_EV_IRON_DOOR_OPEN,
10460,NA_SE_EV_IRON_DOOR_CLOSE,
10461,NA_SE_EV_WHIRLPOOL,
10462,NA_SE_EV_BIG_TORTOISE_ROLL,
10463,NA_SE_EV_COW_CRY,
10464,NA_SE_EV_METAL_BOX_BOUND,
10465,NA_SE_EV_ELECTRIC_EXPLOSION,
10466,NA_SE_EV_HEAVY_THROW,
10467,NA_SE_EV_FROG_CRY_0,
10468,NA_SE_EV_FROG_CRY_1,
10469,NA_SE_EV_COW_CRY_LV,
10470,NA_SE_EV_RONRON_DOOR_CLOSE,
10471,NA_SE_EV_BUTTERFRY_TO_FAIRY,
10472,NA_SE_EV_FIVE_COUNT_LUPY,
10473,NA_SE_EV_STONE_GROW_UP,
10474,NA_SE_EV_STONE_LAUNCH,
10475,NA_SE_EV_STONE_ROLLING,
10476,NA_SE_EV_TOGE_STICK_ROLLING,
10477,NA_SE_EV_TOWER_ENERGY,
10478,NA_SE_EV_MOON_LIGHT_PILLAR,
10479,NA_SE_EV_MONKEY_WALK,
10480,NA_SE_EV_KNIGHT_WALK,
10481,NA_SE_EV_PILLAR_MOVE_STOP,
10482,NA_SE_EV_WAVE,
10483,NA_SE_EV_BIGBELL,
10484,NA_SE_EV_NUTS_BROKEN,
10485,NA_SE_EV_SNOWBALL_BROKEN,
10486,NA_SE_EV_SMALLBALL_ROLL,
10487,NA_SE_EV_FLOWERPETAL_MOVE,
10488,NA_SE_EV_FLOWERPETAL_STOP,
10489,NA_SE_EV_FLOWER_ROLLING,
10490,NA_SE_EV_GLASSBROKEN_IMPACT,
10491,NA_SE_EV_GLASSBROKEN_BOUND,
10492,NA_SE_EV_BIGBALL_ROLL_SR,
10493,NA_SE_EV_SMALL_SNOWBALL_BROKEN,
10494,NA_SE_EV_STATUE_VANISH,
10495,NA_SE_EV_BIGBALL_BOUND,
10496,NA_SE_EV_MONKEY_VO_WALK,
10497,NA_SE_EV_MONKEY_VO_JOY,
10498,NA_SE_EV_WALK_WATER,
10499,NA_SE_EV_PLATE_LIFT_LEVEL,
10500,NA_SE_EV_BIGBALL_ROLL_2,
10501,NA_SE_EV_BIGBALL_ROLL_SR_2,
10502,NA_SE_EV_BIGBALL_ROLL_3,
10503,NA_SE_EV_BIGBALL_ROLL_SR_3,
10504,NA_SE_EV_BEAVER_SWIM_MOTOR,
10505,NA_SE_EV_BEAVER_SWIM_HAND,
10506,NA_SE_EV_SMALL_DOG_CRY,
10507,NA_SE_EV_SMALL_DOG_GROAN,
10508,NA_SE_EV_SMALL_DOG_ATK_BARK,
10509,NA_SE_EV_ICE_PILLAR_RISING,
10510,NA_SE_EV_ICE_PILLAR_FALL,
10511,NA_SE_EV_GORON_CHEER,
10512,NA_SE_EV_SMALL_DOG_ANG_BARK,
10513,NA_SE_EV_COMICAL_JUMP,
10514,NA_SE_EV_LIGHTNING_HARD,
10515,NA_SE_EV_SMALL_DOG_WHINE,
10516,NA_SE_EV_PANIC_IN_HOUSE,
10517,NA_SE_EV_CLOCK_TOWER_BELL,
10518,NA_SE_EV_CLOCK_TOWER_SECOND_HAND,
10519,NA_SE_EV_SIGNAL_BIGBELL,
10520,NA_SE_EV_DUMMY_280,
10521,NA_SE_EV_BEAVER_VOICE_0,
10522,NA_SE_EV_BEAVER_VOICE_1,
10523,NA_SE_EV_WATERWHEEL_LEVEL,
10524,NA_SE_EV_WOOD_GATE_OPEN_N,
10525,NA_SE_EV_INVISIBLE_MONKEY,
10526,NA_SE_EV_CRUISER,
10527,NA_SE_EV_SECRET_CHEER,
10528,NA_SE_EV_BOTTLE_WATERING,
10529,NA_SE_EV_MONKEY_VO_SADNESS,
10530,NA_SE_EV_SNOWSTORM_HARD,
10531,NA_SE_EV_UNSKILLFUL_OCARINA,
10532,NA_SE_EV_BLACK_FAIRY_DASH,
10533,NA_SE_EV_FAIRY_SURPRISE,
10534,NA_SE_EV_MONDO_SURPRISE,
10535,NA_SE_EV_SPOT_LIGHT_OPEN,
10536,NA_SE_EV_HOUSE_BROKEN,
10537,NA_SE_EV_MOON_FALL,
10538,NA_SE_EV_OCARINA_BOUND_0,
10539,NA_SE_EV_OCARINA_BOUND_1,
10540,NA_SE_EV_BOMBERS_WALK,
10541,NA_SE_EV_BOMBERS_LAND,
10542,NA_SE_EV_BOMBERS_SHOT_BREATH,
10543,NA_SE_EV_BOMBERS_SHOT_EXPLOSUIN,
10544,NA_SE_EV_BOMBERS_JUMP,
10545,NA_SE_EV_SOLDIER_WALK,
10546,NA_SE_EV_ROCK_CUBE_RISING,
10547,NA_SE_EV_ROCK_CUBE_FALL,
10548,NA_SE_EV_BELL_SPIT,
10549,NA_SE_EV_BELL_SIGH,
10550,NA_SE_EV_BELL_BRAKE,
10551,NA_SE_EV_DOG_SWIM,
10552,NA_SE_EV_CHIBI_FAIRY_HEAL_ORG,
10553,NA_SE_EV_BOMBERS_CLIMB,
10554,NA_SE_EV_WOODPLATE_BROKEN,
10555,NA_SE_EV_WATER_LEVEL_DOWN_FIX,
10556,NA_SE_EV_HONEYCOMB_BROKEN,
10557,NA_SE_EV_CLOCK_TOWER_UP,
10558,NA_SE_EV_CLOCK_TOWER_STOP,
10559,NA_SE_EV_CLOCK_TOWER_FALL,
10560,NA_SE_EV_CLOCK_TOWER_BOUND_0,
10561,NA_SE_EV_CLOCK_TOWER_BOUND_1,
10562,NA_SE_EV_CLOCK_TOWER_BOUND_2,
10563,NA_SE_EV_STONEDOOR_OPEN_S,
10564,NA_SE_EV_ICE_MELT_LEVEL,
10565,NA_SE_EV_CLOCK_TOWER_STAIR_MOVE,
10566,NA_SE_EV_DUMMY_326,
10567,NA_SE_EV_OBJECT_STICK,
10568,NA_SE_EV_CHICK_TO_CHICKEN,
10569,NA_SE_EV_MUJURA_BALLOON_BROKEN,
10570,NA_SE_EV_BALLOON_SWELL,
10571,NA_SE_EV_SEAHORSE_OUT_BOTTLE,
10572,NA_SE_EV_KYOJIN_VOICE_SUCCESS,
10573,NA_SE_EV_KYOJIN_VOICE_FAIL,
10574,NA_SE_EV_KYOJIN_WALK,
10575,NA_SE_EV_MOON_FALL_LAST,
10576,NA_SE_EV_EARTHQUAKE_LAST,
10577,NA_SE_EV_SEAHORSE_SWIM,
10578,NA_SE_EV_OPEN_AMBRELLA,
10579,NA_SE_EV_BUTLER_FRY,
10580,NA_SE_EV_PIRATE_SHIP,
10581,NA_SE_EV_DRAIN,
10582,NA_SE_EV_DORA_L,
10583,NA_SE_EV_LOG_BOUND,
10584,NA_SE_EV_CART_WHEEL,
10585,NA_SE_EV_EARTHQUAKE_LAST2,
10586,NA_SE_EV_DORA_S,
10587,NA_SE_EV_ROCK_FALL,
10588,NA_SE_EV_FREEZE_S,
10589,NA_SE_EV_WOOD_BOUND_S,
10590,NA_SE_EV_CLOSE_AMBRELLA,
10591,NA_SE_EV_OBJECT_SLIDE,
10592,NA_SE_EV_ROLL_AND_FALL,
10593,NA_SE_EV_GORON_BOUND_0,
10594,NA_SE_EV_GORON_BOUND_1,
10595,NA_SE_EV_MONKEY_VO_DAMAGE,
10596,NA_SE_EV_FORT_RISING,
10597,NA_SE_EV_MONKEY_VO_REWARD,
10598,NA_SE_EV_WATER_PURIFICATION,
10599,NA_SE_EV_OWL_WARP_SWITCH_ON,
10600,NA_SE_EV_BIG_WATER_WHEEL_RR,
10601,NA_SE_EV_BIG_WATER_WHEEL_LR,
10602,NA_SE_EV_SMALL_WATER_WHEEL,
10603,NA_SE_EV_COCK_SWITCH_ROLL,
10604,NA_SE_EV_COCK_SWITCH_STOP,
10605,NA_SE_EV_PIPE_STREAM_START,
10606,NA_SE_EV_WATER_PILLAR,
10607,NA_SE_EV_SEESAW_INCLINE,
10608,NA_SE_EV_ZORA_WALK,
10609,NA_SE_EV_PIRATE_WALK,
10610,NA_SE_EV_PILLAR_UP_FAST,
10611,NA_SE_EV_DUMMY_WATER_WHEEL_RR,
10612,NA_SE_EV_DUMMY_WATER_WHEEL_LR,
10613,NA_SE_EV_MUJURA_FOLLOWERS_FLY,
10614,NA_SE_EV_MAKE_TURRET,
10615,NA_SE_EV_CHANDELIER_ROLL,
10616,NA_SE_EV_CHANDELIER_BROKEN,
10617,NA_SE_EV_SINK_WOOD_FLOOR,
10618,NA_SE_EV_REBOUND_WOOD_FLOOR,
10619,NA_SE_EV_UFO_APPEAR,
10620,NA_SE_EV_UFO_DASH,
10621,NA_SE_EV_TORNADE,
10622,NA_SE_EV_MILK_POT_DAMAGE,
10623,NA_SE_EV_DUMMY_383,
10624,NA_SE_EV_KYOJIN_SIGN,
10625,NA_SE_EV_KYOJIN_GRATITUDE0,
10626,NA_SE_EV_KYOJIN_GRATITUDE1,
10627,NA_SE_EV_KYOJIN_GRATITUDE2,
10628,NA_SE_EV_IKANA_DOOR_OPEN,
10629,NA_SE_EV_IKANA_DOOR_CLOSE,
10630,NA_SE_EV_MOONSTONE_FALL,
10631,NA_SE_EV_COMING_FIRE,
10632,NA_SE_EV_FAIRY_GROUP_FRY,
10633,NA_SE_EV_FAIRY_GROUP_HEAL,
10634,NA_SE_EV_WOOD_DOOR_OPEN_SPEEDY,
10635,NA_SE_EV_PAMERA_WALK,
10636,NA_SE_EV_G_STONE_CHANGE_COLOR,
10637,NA_SE_EV_CURTAIN_DOWN,
10638,NA_SE_EV_GORON_HAND_HIT,
10639,NA_SE_EV_SMALL_WOODPLATE_BOUND_0,
10640,NA_SE_EV_GET_UP_ON_BED,
10641,NA_SE_EV_LIE_DOWN_ON_BED,
10642,NA_SE_EV_BANK_MAN_HAND_HIT,
10643,NA_SE_EV_HANKO,
10644,NA_SE_EV_CHICK_SONG,
10645,NA_SE_EV_LAND_SAND,
10646,NA_SE_EV_JUMP_SAND,
10647,NA_SE_EV_SECRET_LADDER_APPEAR,
10648,NA_SE_EV_CLAPPING_2P,
10649,NA_SE_EV_DIVE_INTO_WEED,
10650,NA_SE_EV_FAIRY_SHIVER,
10651,NA_SE_EV_MASK_RISING,
10652,NA_SE_EV_MOON_EYE_FLASH,
10653,NA_SE_EV_SLIP_MOON,
10654,NA_SE_EV_FALL_POWER,
10655,NA_SE_EV_BELL_DASH_NORMAL,
10656,NA_SE_EV_IKANA_BLOCK_MOVE_X,
10657,NA_SE_EV_IKANA_BLOCK_MOVE_Z,
10658,NA_SE_EV_IKANA_BLOCK_MOVE_Y,
10659,NA_SE_EV_IKANA_BLOCK_STOP_C,
10660,NA_SE_EV_IKANA_BLOCK_STOP_F,
10661,NA_SE_EV_BELL_ANGER,
10662,NA_SE_EV_IKANA_BLOCK_SWITCH,
10663,NA_SE_EV_BAT_FLY,
10664,NA_SE_EV_UFO_LIGHT_BEAM,
10665,NA_SE_EV_DOOR_UNLOCK,
10666,NA_SE_EV_WOOD_WATER_WHEEL,
10667,NA_SE_EV_CONVEYOR_SHUTTER_OPEN,
10668,NA_SE_EV_CONVEYOR_SHUTTER_CLOSE,
10669,NA_SE_EV_ROOM_CARTAIN,
10670,NA_SE_EV_ZORA_KIDS_BORN,
10671,NA_SE_EV_ZORA_KIDS_SWIM_0,
10672,NA_SE_EV_ZORA_KIDS_SWIM_1,
10673,NA_SE_EV_MOON_EXPLOSION,
10674,NA_SE_EV_RAINBOW,
10675,NA_SE_EV_OMENYA_WALK,
10676,NA_SE_EV_KYOJIN_GROAN,
10677,NA_SE_EV_UFO_FLY,
10678,NA_SE_EV_GRASS_WALL_BROKEN,
10679,NA_SE_EV_WARP_HOLE_ENERGY,
10680,NA_SE_EV_BOSS_WARP_HOLE,
10681,NA_SE_EV_FIREWORKS_LAUNCH,
10682,NA_SE_EV_IKANA_SOUL_LV,
10683,NA_SE_EV_IKANA_PURIFICATION,
10684,NA_SE_EV_ZORA_KIDS_SWIM_2,
10685,NA_SE_EV_DARUMA_VANISH,
10686,NA_SE_EV_IKANA_SOUL_TRANSFORM,
10687,NA_SE_EV_ROMANY_BOW_FLICK,
10688,NA_SE_EV_WHITE_FAIRY_SHOT_DASH,
10689,NA_SE_EV_BLACK_FAIRY_SHOT_DASH,
10690,NA_SE_EV_SWORD_FORGE,
10691,NA_SE_EV_STONEDOOR_CLOSE_S,
10692,NA_SE_EV_BOTTLE_CAP_CLOSE,
10693,NA_SE_EV_PAMET_ROCK_CRASH,
10694,NA_SE_EV_GUILLOTINE_UP,
10695,NA_SE_EV_ROCK_BROKEN2,
10696,NA_SE_EV_OBJECT_STICK2,
10697,NA_SE_EV_WOODBOX_BOUND2,
10698,NA_SE_EV_DEMO_KID_ATOZUSARI,
10699,NA_SE_EV_UNDER_WATER,
10700,NA_SE_EV_FREEZE2,
10701,NA_SE_EV_DEMO_KID_SAGURU,
10702,NA_SE_EV_WATER_WALL3,
10703,NA_SE_EV_BOMBERS_TAORE,
10704,NA_SE_EV_RIVER_STREAM_TOWER,
10705,NA_SE_EV_MONKEY_ROPE,
10706,NA_SE_EV_MONKEY_FOOT_PAN,
10707,NA_SE_EV_BODYFALL_SAND1,
10708,NA_SE_EV_SCOOP_SAND1,
10709,NA_SE_EV_CHICKEN_CRY_M_0600,
10710,NA_SE_EV_WATER_WALL_BIG2,
10711,NA_SE_EV_WATER_VOLTEX,
10712,NA_SE_EV_WATER_WALL_IKANA,
10713,NA_SE_EV_DOOR_OPEN_GATYA,
10714,NA_SE_EV_CLAP_1SHOT,
10715,NA_SE_EV_TRR_APPEAR,
10716,NA_SE_EV_ICE_MELT_SHORT,
10717,NA_SE_EV_DEMO37_CLOTH1,
10718,NA_SE_EV_DEMO37_CLOTH2,
10719,NA_SE_EV_DEMO37_CLOTH3,
10720,NA_SE_EV_DEMO37_CLOTH4,
10721,NA_SE_EV_WHITE_FAIRY_DASH_SHORT,
10722,NA_SE_EV_WHITE_FAIRY_DASH_SHORT2,
10723,NA_SE_EV_DEMO27_BODYFALL,
10724,NA_SE_EV_DEMO30_LINK_RIDE,
10725,NA_SE_EV_DEMO16_WHITEOUT,
10726,NA_SE_EV_DEMO16_MIKAU_FADE,
10727,NA_SE_EV_DEMO27_WHITEOUT,
10728,NA_SE_EV_DEMO02_ME1,
10729,NA_SE_EV_DEMO02_WHOOSH,
10730,NA_SE_EV_DEMO02_ME2,
10731,NA_SE_EV_DEMO25_ME1,
10732,NA_SE_EV_DEMO25_HEAD_HIT,
10733,NA_SE_EV_TENTI_GYAKUTEN,
10734,NA_SE_EV_IKANA_JYOUKA,
10735,NA_SE_EV_IKANA_SHARP,
10736,NA_SE_EV_IKANA_JYOUKA_FLASH,
10737,NA_SE_EV_IKACASTLE_SLIDE1,
10738,NA_SE_EV_OKUJYOU_WIND,
10739,NA_SE_EV_CAM_WHOOSH,
10740,NA_SE_EV_DESK_HIT,
10741,NA_SE_EV_DEMO08_FIRE,
10742,NA_SE_EV_DEMO08_ME1,
10743,NA_SE_EV_OCARINA_FALL,
10744,NA_SE_EV_LINK_WARP_LV,
10745,NA_SE_EV_DEMO_ATATAME,
10746,NA_SE_EV_DEMO12_KIRAKIRA,
10747,NA_SE_EV_DEMO32_FIRE_SIPPAI,
10748,NA_SE_EV_KYOJIN_DOWN,
10749,NA_SE_EV_FACE_BREAKDOWN_OFF,
10750,NA_SE_EV_DEMO_MOON_IN,
10751,NA_SE_EV_1ST_MODORU_ME,
10752,NA_SE_EV_WATER_WALL_BIG_SILENT2,
10753,NA_SE_EV_MOONFALL_WIND1,
10754,NA_SE_EV_MOONFALL_WIND2,
10755,NA_SE_EV_MOONFALL_WIND3,
10756,NA_SE_EV_MOONFALL_WIND4,
10757,NA_SE_EV_TOKEITOU_EXPLO1,
10758,NA_SE_EV_TOKEITOU_EXPLO2,
10759,NA_SE_EV_MOONFALL_WIND5,
10760,NA_SE_EV_MOONFALL_WIND6,
10761,NA_SE_EV_MOONFALL_WIND7,
10762,NA_SE_EV_GIANT_DOWN,
10763,NA_SE_EV_TURI_SPLASH,
10764,NA_SE_EV_DUMMY_525,
10765,NA_SE_EV_WAVE_S_TURIBORI,
10766,NA_SE_EV_DUMMY_529,
14336,NA_SE_EN_DODO_J_WALK,
14337,NA_SE_EN_DODO_J_CRY,
14338,NA_SE_EN_DODO_J_FIRE,
14339,NA_SE_EN_DODO_J_DAMAGE,
14340,NA_SE_EN_DODO_J_DEAD,
14341,NA_SE_EN_BAKUO_ROLL,
14342,NA_SE_EN_MIZUBABA2_VOICE,
14343,NA_SE_EN_MIZUBABA2_DAMAGE,
14344,NA_SE_EN_MIBOSS_FALL_OLD_OLD,
14345,NA_SE_EN_MIBOSS_DAMAGE_OLD,
14346,NA_SE_EN_MIBOSS_DASH_OLD,
14347,NA_SE_EN_MIBOSS_DEAD_OLD,
14348,NA_SE_EN_MIBOSS_GND1_OLD,
14349,NA_SE_EN_GOMA_DOWN,
14350,NA_SE_EN_MIBOSS_GND2_OLD,
14351,NA_SE_EN_MIBOSS_UNARI_OLD,
14352,NA_SE_EN_MIBOSS_RHYTHM_OLD,
14353,NA_SE_EN_MIBOSS_SWORD_OLD,
14354,NA_SE_EN_ANSATSUSYA_ENTRY,
14355,NA_SE_EN_MIBOSS_JUMP1,
14356,NA_SE_EN_MIBOSS_JUMP2,
14357,NA_SE_EN_MIBOSS_VOICE1_OLD,
14358,NA_SE_EN_MIBOSS_VOICE2_OLD,
14359,NA_SE_EN_MIBOSS_VOICE3_OLD,
14360,NA_SE_EN_INBOSS_SAND_OLD,
14361,NA_SE_EN_INBOSS_ROAR_OLD,
14362,NA_SE_EN_INBOSS_DAMAGE_OLD,
14363,NA_SE_EN_COMMON_WEAKENED,
14364,NA_SE_EN_MIBOSS_FAINT_OLD,
14365,NA_SE_EN_MIBOSS_ROLLING_OLD,
14366,NA_SE_EN_MIZUBABA1_DAMAGE,
14367,NA_SE_EN_MIZUBABA_DEAD,
14368,NA_SE_EN_DODO_M_CRY,
14369,NA_SE_EN_DODO_M_DEAD,
14370,NA_SE_EN_DODO_M_MOVE,
14371,NA_SE_EN_DODO_M_DOWN,
14372,NA_SE_EN_DODO_M_UP,
14373,NA_SE_EN_MIZUBABA_TRANSFORM,
14374,NA_SE_EN_DODO_M_EAT,
14375,NA_SE_EN_MIZUBABA2_WALK,
14376,NA_SE_EN_BOMCHU_WALK,
14377,NA_SE_EN_RIZA_CRY,
14378,NA_SE_EN_RIZA_ATTACK,
14379,NA_SE_EN_RIZA_DAMAGE,
14380,NA_SE_EN_RIZA_WARAU,
14381,NA_SE_EN_RIZA_DEAD,
14382,NA_SE_EN_RIZA_WALK,
14383,NA_SE_EN_RIZA_JUMP,
14384,NA_SE_EN_STALKID_WALK,
14385,NA_SE_EN_STALKID_ATTACK,
14386,NA_SE_EN_STALKID_DAMAGE,
14387,NA_SE_EN_STALKID_DEAD,
14388,NA_SE_EN_FLOORMASTER_SLIDING,
14389,NA_SE_EN_TEKU_WALK_WATER,
14390,NA_SE_EN_LIGHT_ARROW_HIT,
14391,NA_SE_EN_MIZUBABA2_ATTACK,
14392,NA_SE_EN_STAL_WARAU,
14393,NA_SE_EN_STAL_SAKEBI,
14394,NA_SE_EN_STAL_DAMAGE,
14395,NA_SE_EN_STAL_DEAD,
14396,NA_SE_EN_WOLFOS_APPEAR,
14397,NA_SE_EN_STAL_WALK,
14398,NA_SE_EN_WOLFOS_CRY,
14399,NA_SE_EN_WOLFOS_ATTACK,
14400,NA_SE_EN_FFLY_ATTACK,
14401,NA_SE_EN_FFLY_FLY,
14402,NA_SE_EN_FFLY_DEAD,
14403,NA_SE_EN_WOLFOS_DAMAGE,
14404,NA_SE_EN_AMOS_WALK,
14405,NA_SE_EN_AMOS_WAVE,
14406,NA_SE_EN_EYEGOLE_DEAD,
14407,NA_SE_EN_EYEGOLE_DAMAGE,
14408,NA_SE_EN_AMOS_VOICE,
14409,NA_SE_EN_KUSAMUSHI_VIBE,
14410,NA_SE_EN_BEE_FLY,
14411,NA_SE_EN_WOLFOS_DEAD,
14412,NA_SE_EN_COMMON_E_BALL,
14413,NA_SE_EN_COMMON_THUNDER_THR,
14414,NA_SE_EN_COMMON_E_BALL_HIT,
14415,NA_SE_EN_COMMON_ELEC_ARK,
14416,NA_SE_EN_SUISEN_EAT,
14417,NA_SE_EN_SUISEN_DEAD,
14418,NA_SE_EN_COMMON_E_BALL_THR,
14419,NA_SE_EN_UTSUBO_APPEAR,
14420,NA_SE_EN_BOMCHU_VOICE,
14421,NA_SE_EN_BOMCHU_AIM,
14422,NA_SE_EN_BOMCHU_RUN,
14423,NA_SE_EN_UTSUBO_BACK,
14424,NA_SE_EN_DODO_J_BREATH,
14425,NA_SE_EN_DODO_J_TAIL,
14426,NA_SE_EN_WOLFOS_WALK,
14427,NA_SE_EN_DODO_J_EAT,
14428,NA_SE_EN_DEKU_MOUTH,
14429,NA_SE_EN_DEKU_ATTACK,
14430,NA_SE_EN_DEKU_DAMAGE,
14431,NA_SE_EN_DEKU_DEAD,
14432,NA_SE_EN_MIZUBABA1_MOUTH,
14433,NA_SE_EN_MIZUBABA1_ATTACK,
14434,NA_SE_EN_DEKU_JR_DEAD,
14435,NA_SE_EN_DEKU_SCRAPE,
14436,NA_SE_EN_TAIL_FLY,
14437,NA_SE_EN_TAIL_CRY,
14438,NA_SE_EN_TAIL_DEAD,
14439,NA_SE_EN_GOLON_STAND_IMT,
14440,NA_SE_EN_STALTU_DOWN,
14441,NA_SE_EN_STALTU_UP,
14442,NA_SE_EN_STALTU_LAUGH,
14443,NA_SE_EN_STALTU_DAMAGE,
14444,NA_SE_EN_TEKU_JUMP,
14445,NA_SE_EN_TEKU_DAMAGE,
14446,NA_SE_EN_TEKU_DEAD,
14447,NA_SE_EN_TEKU_WALK,
14448,NA_SE_EN_PO_KANTERA,
14449,NA_SE_EN_PO_FLY,
14450,NA_SE_EN_PO_AWAY,
14451,NA_SE_EN_STALKIDS_APPEAR,
14452,NA_SE_EN_PO_DISAPPEAR,
14453,NA_SE_EN_PO_DAMAGE,
14454,NA_SE_EN_PO_DEAD,
14455,NA_SE_EN_WIZ_DISAPPEAR,
14456,NA_SE_EN_EXTINCT,
14457,NA_SE_EN_GOLON_LAND_BIG,
14458,NA_SE_EN_GERUDOFT_DOWN,
14459,NA_SE_EN_EYEGOLE_ATTACK,
14460,NA_SE_EN_NUTS_UP,
14461,NA_SE_EN_NUTS_DOWN,
14462,NA_SE_EN_NUTS_THROW,
14463,NA_SE_EN_NUTS_WALK,
14464,NA_SE_EN_NUTS_DAMAGE,
14465,NA_SE_EN_NUTS_DEAD,
14466,NA_SE_EN_NUT_FAINT,
14467,NA_SE_EN_PO_BIG_GET,
14468,NA_SE_EN_STALTU_ROLL,
14469,NA_SE_EN_STALTU_DEAD,
14470,NA_SE_EN_PO_SISTER_DEAD,
14471,NA_SE_EN_BARI_SPLIT,
14472,NA_SE_EN_LAST1_GROW_HEAD,
14473,NA_SE_EN_NUTS_VOICE,
14474,NA_SE_EN_TEKU_LAND_WATER,
14475,NA_SE_EN_LAST_DAMAGE,
14476,NA_SE_EN_STALWALL_ROLL,
14477,NA_SE_EN_STALWALL_DASH,
14478,NA_SE_EN_TEKU_JUMP_WATER,
14479,NA_SE_EN_TEKU_LAND_WATER2,
14480,NA_SE_EN_FALL_AIM,
14481,NA_SE_EN_FALL_UP,
14482,NA_SE_EN_FALL_CATCH,
14483,NA_SE_EN_FALL_LAND,
14484,NA_SE_EN_FALL_WALK,
14485,NA_SE_EN_FALL_DAMAGE,
14486,NA_SE_EN_DAIOCTA_REVERSE,
14487,NA_SE_EN_KAICHO_FLUTTER,
14488,NA_SE_EN_BIRI_FLY,
14489,NA_SE_EN_BIRI_JUMP,
14490,NA_SE_EN_BIRI_SPARK,
14491,NA_SE_EN_BIRI_DEAD,
14492,NA_SE_EN_COMMON_WATER_DEEP,
14493,NA_SE_EN_BARI_ROLL,
14494,NA_SE_EN_COMMON_FREEZE,
14495,NA_SE_EN_BARI_DEAD,
14496,NA_SE_EN_BATTA_FLY,
14497,NA_SE_EN_BATTA_ATTACK,
14498,NA_SE_EN_BATTA_DAMAGE,
14499,NA_SE_EN_BATTA_DEAD,
14500,NA_SE_EN_WIZ_UNARI,
14501,NA_SE_EN_WIZ_RUN,
14502,NA_SE_EN_WIZ_VOICE,
14503,NA_SE_EN_WIZ_LAUGH,
14504,NA_SE_EN_WIZ_ATTACK,
14505,NA_SE_EN_WIZ_DAMAGE,
14506,NA_SE_EN_WIZ_DEAD,
14507,NA_SE_EN_WIZ_EXP,
14508,NA_SE_EN_DAIOCTA_DEAD,
14509,NA_SE_EN_DAIOCTA_DEAD2,
14510,NA_SE_EN_FANTOM_DAMAGE,
14511,NA_SE_EN_DAIOCTA_DAMAGE,
14512,NA_SE_EN_WIZ_LAUGH2,
14513,NA_SE_EN_GOLON_SIT_IMT,
14514,NA_SE_EN_FANTOM_VOICE,
14515,NA_SE_EN_KAICHO_DAMAGE,
14516,NA_SE_EN_GOLON_COLD,
14517,NA_SE_EN_GOLON_JUMP,
14518,NA_SE_EN_KAICHO_CRY,
14519,NA_SE_EN_KAICHO_ATTACK,
14520,NA_SE_EN_GOLON_WALK,
14521,NA_SE_EN_SLIME_JUMP,
14522,NA_SE_EN_SLIME_DAMAGE,
14523,NA_SE_EN_SLIME_BREAK,
14524,NA_SE_EN_KUROSUKE_MOVE,
14525,NA_SE_EN_KUROSUKE_ATTACK,
14526,NA_SE_EN_SLIME_DEAD,
14527,NA_SE_EN_SLIME_DEFENCE,
14528,NA_SE_EN_OCTAROCK_ROCK,
14529,NA_SE_EN_COMMON_WATER_SLW,
14530,NA_SE_EN_OCTAROCK_JUMP,
14531,NA_SE_EN_DAIOCTA_LAND,
14532,NA_SE_EN_DAIOCTA_SINK,
14533,NA_SE_EN_COMMON_WATER_MID,
14534,NA_SE_EN_OCTAROCK_DEAD1,
14535,NA_SE_EN_OCTAROCK_DEAD2,
14536,NA_SE_EN_BUBLE_WING,
14537,NA_SE_EN_BUBLE_MOUTH,
14538,NA_SE_EN_BUBLE_LAUGH,
14539,NA_SE_EN_BUBLE_BITE,
14540,NA_SE_EN_BUBLE_UP,
14541,NA_SE_EN_BUBLE_DOWN,
14542,NA_SE_EN_BUBLE_DEAD,
14543,NA_SE_EN_BUBLEFALL_FIRE,
14544,NA_SE_EN_UTSUBO_DEAD,
14545,NA_SE_EN_UTSUBO_DAMAGE,
14546,NA_SE_EN_FROG_REAL,
14547,NA_SE_EN_FROG_DAMAGE,
14548,NA_SE_EN_B_SLIME_EAT,
14549,NA_SE_EN_B_SLIME_LAUGH,
14550,NA_SE_EN_FROG_DEAD,
14551,NA_SE_EN_UTSUBO_BITE,
14552,NA_SE_EN_B_SLIME_REVERSE,
14553,NA_SE_EN_SLIME_JUMP1,
14554,NA_SE_EN_SLIME_JUMP2,
14555,NA_SE_EN_B_SLIME_BREAK,
14556,NA_SE_EN_BARI_DAMAGE,
14557,NA_SE_EN_HIPLOOP_LAND,
14558,NA_SE_EN_MOFER_CORE_MOVE_WT,
14559,NA_SE_EN_MOFER_CORE_SMJUMP,
14560,NA_SE_EN_MONBLIN_GNDWAVE,
14561,NA_SE_EN_MONBLIN_HAM_DOWN,
14562,NA_SE_EN_MONBLIN_HAM_UP,
14563,NA_SE_EN_BUBLE_DAMAGE,
14564,NA_SE_EN_REDEAD_CRY,
14565,NA_SE_EN_REDEAD_AIM,
14566,NA_SE_EN_REDEAD_DAMAGE,
14567,NA_SE_EN_REDEAD_DEAD,
14568,NA_SE_EN_REDEAD_ATTACK,
14569,NA_SE_EN_GOLON_KID_SOB,
14570,NA_SE_EN_GOLON_KID_CRY,
14571,NA_SE_EN_KAICHO_DEAD,
14572,NA_SE_EN_PO_LAUGH,
14573,NA_SE_EN_PO_CRY,
14574,NA_SE_EN_PO_ROLL,
14575,NA_SE_EN_PO_LAUGH2,
14576,NA_SE_EN_GOLON_ROLLING,
14577,NA_SE_EN_GOLON_READY,
14578,NA_SE_EN_GOLON_DASH,
14579,NA_SE_EN_PAMET_VOICE,
14580,NA_SE_EN_PAMET_ROLL,
14581,NA_SE_EN_PAMET_WALK,
14582,NA_SE_EN_PAMET_ROAR,
14583,NA_SE_EN_PAMET_WAKEUP,
14584,NA_SE_EN_PAMET_REVERSE,
14585,NA_SE_EN_PAMET_DAMAGE,
14586,NA_SE_EN_PAMET_DEAD,
14587,NA_SE_EN_BAKUO_VOICE,
14588,NA_SE_EN_GOLON_WAKE_UP,
14589,NA_SE_EN_GOLON_SIT_DOWN,
14590,NA_SE_EN_DAIGOLON_SLEEP3,
14591,NA_SE_EN_CHICKEN_FLUTTER,
14592,NA_SE_EN_KOUME_ILL,
14593,NA_SE_EN_KOUME_REGAIN,
14594,NA_SE_EN_KOUME_DRINK,
14595,NA_SE_EN_KOUME_LAUGH,
14596,NA_SE_EN_KOUME_FLY,
14597,NA_SE_EN_KOUME_AWAY,
14598,NA_SE_EN_KOUME_MAGIC,
14599,NA_SE_EN_DAIGOLON_SLEEP2,
14600,NA_SE_EN_STALKIDS_JUMP,
14601,NA_SE_EN_STALKIDS_FADEOUT,
14602,NA_SE_EN_STALKIDS_LAUGH,
14603,NA_SE_EN_STALKIDS_SHAKEHEAD,
14604,NA_SE_EN_STALKIDS_ONGND,
14605,NA_SE_EN_STALKIDS_SURPRISED,
14606,NA_SE_EN_STALKIDS_WALK,
14607,NA_SE_EN_STALKIDS_REVERSE,
14608,NA_SE_EN_STALKIDS_FLOAT,
14609,NA_SE_EN_EYEGOLE_EYE,
14610,NA_SE_EN_STALKIDS_CAUGHT,
14611,NA_SE_EN_STALKIDS_MASK_ON,
14612,NA_SE_EN_TWINROBA_CUTBODY,
14613,NA_SE_EN_STALKIDS_MASK_OFF,
14614,NA_SE_EN_STALKIDS_RIDE,
14615,NA_SE_EN_DEKNUTS_DANCE,
14616,NA_SE_EN_DEKNUTS_DANCE1,
14617,NA_SE_EN_DEKNUTS_DANCE2,
14618,NA_SE_EN_DEKNUTS_DANCE_BIG,
14619,NA_SE_EN_EYEGOLE_BEAM,
14620,NA_SE_EN_GOLON_EYE_BIG,
14621,NA_SE_EN_GOLON_GOOD_BIG,
14622,NA_SE_EN_STALKIDS_LAUGH_MID,
14623,NA_SE_EN_STALKIDS_FLOAT_COPY,
14624,NA_SE_EN_STALKIDS_TURN,
14625,NA_SE_EN_STALKIDS_DAMAGE,
14626,NA_SE_EN_STALKIDS_SCREAM,
14627,NA_SE_EN_STALKIDS_OTEDAMA2,
14628,NA_SE_EN_STALKIDS_STRETCH,
14629,NA_SE_EN_STALKIDS_LAUGH_MD2,
14630,NA_SE_EN_OWL_FLUTTER,
14631,NA_SE_EN_VALVAISA_LAND,
14632,NA_SE_EN_IRONNACK_WALK,
14633,NA_SE_EN_IRONNACK_SWING_AXE,
14634,NA_SE_EN_STALKIDS_OTEDAMA1,
14635,NA_SE_EN_PAMET_CUTTER_ON,
14636,NA_SE_EN_IRONNACK_ARMOR_OFF_DEMO,
14637,NA_SE_EN_PAMET_CUTTER_OFF,
14638,NA_SE_EN_B_SLIME_JUMP1,
14639,NA_SE_EN_B_SLIME_JUMP2,
14640,NA_SE_EN_FLOORMASTER_ATTACK,
14641,NA_SE_EN_FLOORMASTER_SM_WALK,
14642,NA_SE_EN_FLOORMASTER_SM_DEAD,
14643,NA_SE_EN_FLOORMASTER_RESTORE,
14644,NA_SE_EN_FLOORMASTER_EXPAND,
14645,NA_SE_EN_KUSAMUSHI_HIDE,
14646,NA_SE_EN_FLOORMASTER_SM_STICK,
14647,NA_SE_EN_FLOORMASTER_SM_LAND,
14648,NA_SE_EN_B_SLIME_COMBINE,
14649,NA_SE_EN_B_SLIME_PUNCH_MOVE,
14650,NA_SE_EN_IRONNACK_ARMOR_HIT,
14651,NA_SE_EN_CUTBODY,
14652,NA_SE_EN_LAST1_TRANSFORM,
14653,NA_SE_EN_LAST1_DEMO_BREAK,
14654,NA_SE_EN_LAST1_DEMO_WALL,
14655,NA_SE_EN_B_PAMET_BREAK,
14656,NA_SE_EN_KONB_DEMO_MOVE_OLD,
14657,NA_SE_EN_KONB_JUMP_OLD,
14658,NA_SE_EN_KONB_SINK_OLD,
14659,NA_SE_EN_UTSUBO_EAT,
14660,NA_SE_EN_YMAJIN_HOLD_SNOW,
14661,NA_SE_EN_KONB_DAMAGE_OLD,
14662,NA_SE_EN_KONB_DEAD_OLD,
14663,NA_SE_EN_KONB_BOUND_OLD,
14664,NA_SE_EN_AWA_BOUND,
14665,NA_SE_EN_AWA_BREAK,
14666,NA_SE_EN_ICEB_FOOTSTEP_OLD,
14667,NA_SE_EN_COMMON_THUNDER,
14668,NA_SE_EN_ICEB_CRY_OLD,
14669,NA_SE_EN_ICEB_STEAM_LONG_OLD,
14670,NA_SE_EN_ICEB_STEAMS_DEMO_OLD,
14671,NA_SE_EN_ICEB_STEAM_DEMO_UP_OLD,
14672,NA_SE_EN_ICEB_DEAD_OLD,
14673,NA_SE_EN_ICEB_DAMAGE_OLD,
14674,NA_SE_EN_KONB_INIT_OLD,
14675,NA_SE_EN_KONB_DEAD2_OLD,
14676,NA_SE_EN_PIHAT_UP,
14677,NA_SE_EN_PIHAT_FLY,
14678,NA_SE_EN_PIHAT_DAMAGE,
14679,NA_SE_EN_PIHAT_LAND,
14680,NA_SE_EN_KONB_BOUND2_OLD,
14681,NA_SE_EN_KONB_DEAD_JUMP_OLD,
14682,NA_SE_EN_KONB_DEAD_JUMP2_OLD,
14683,NA_SE_EN_FROG_JUMP,
14684,NA_SE_EN_FROG_GREET,
14685,NA_SE_EN_FROG_HOLD_SLIME,
14686,NA_SE_EN_FROG_THROW_SLIME,
14687,NA_SE_EN_FROG_JUMP_MID,
14688,NA_SE_EN_KONB_BITE_OLD,
14689,NA_SE_EN_FROG_PUNCH1,
14690,NA_SE_EN_FROG_PUNCH2,
14691,NA_SE_EN_UTSUBO_APPEAR_TRG,
14692,NA_SE_EN_FROG_DOWN,
14693,NA_SE_EN_FROG_JUMP_ABOVE,
14694,NA_SE_EN_FROG_KICK,
14695,NA_SE_EN_YMAJIN_MINI_HOLD,
14696,NA_SE_EN_YMAJIN_MINI_THROW,
14697,NA_SE_EN_YMAJIN_MOVE,
14698,NA_SE_EN_YMAJIN_MINI_MOVE,
14699,NA_SE_EN_YMAJIN_SURFACE,
14700,NA_SE_EN_YMAJIN_HIDE,
14701,NA_SE_EN_YMAJIN_SPLIT,
14702,NA_SE_EN_YMAJIN_UNITE,
14703,NA_SE_EN_YMAJIN_DEAD_BREAK,
14704,NA_SE_EN_BIMOS_ROLL_HEAD,
14705,NA_SE_EN_BIMOS_LAZER,
14706,NA_SE_EN_BIMOS_LAZER_GND,
14707,NA_SE_EN_BIMOS_AIM,
14708,NA_SE_EN_BUBLEWALK_WALK,
14709,NA_SE_EN_BUBLEWALK_AIM,
14710,NA_SE_EN_BUBLEWALK_REVERSE,
14711,NA_SE_EN_BUBLEWALK_DAMAGE,
14712,NA_SE_EN_BUBLEWALK_DEAD,
14713,NA_SE_EN_HIPLOOP_RUN,
14714,NA_SE_EN_HIPLOOP_PAUSE,
14715,NA_SE_EN_HIPLOOP_MASC_OFF,
14716,NA_SE_EN_HIPLOOP_FOOT,
14717,NA_SE_EN_HIPLOOP_DAMAGE,
14718,NA_SE_EN_HIPLOOP_DEAD,
14719,NA_SE_EN_HIPLOOP_FOOTSTEP,
14720,NA_SE_EN_DEKUHIME_WALK,
14721,NA_SE_EN_DEKUHIME_TURN,
14722,NA_SE_EN_DEKUHIME_GREET,
14723,NA_SE_EN_DEKUHIME_GREET2,
14724,NA_SE_EN_PIHAT_SM_FLY,
14725,NA_SE_EN_PIHAT_SM_DEAD,
14726,NA_SE_EN_STALKID_APPEAR,
14727,NA_SE_EN_AKINDONUTS_HIDE,
14728,NA_SE_EN_RIVA_DAMAGE,
14729,NA_SE_EN_RIVA_DEAD,
14730,NA_SE_EN_RIVA_MOVE,
14731,NA_SE_EN_DEKUHIME_VOICE_SAD,
14732,NA_SE_EN_DEKUHIME_VOICE_JOY,
14733,NA_SE_EN_NUTS_JUMP,
14734,NA_SE_EN_NUTS_CLOTHES,
14735,NA_SE_EN_SITSUJI_VOICE,
14736,NA_SE_EN_LIKE_WALK,
14737,NA_SE_EN_LIKE_UNARI,
14738,NA_SE_EN_SUISEN_DRINK,
14739,NA_SE_EN_EYEGOLE_DEMO_EYE,
14740,NA_SE_EN_SUISEN_THROW,
14741,NA_SE_EN_LIKE_DAMAGE,
14742,NA_SE_EN_LIKE_DEAD,
14743,NA_SE_EN_MGANON_SWORD,
14744,NA_SE_EN_PIRATE_ATTACK,
14745,NA_SE_EN_PIRATE_DAMAGE,
14746,NA_SE_EN_PIRATE_DEAD,
14747,NA_SE_EN_MB_MOTH_FLY,
14748,NA_SE_EN_MB_MOTH_DEAD,
14749,NA_SE_EN_MB_INSECT_WALK,
14750,NA_SE_EN_B_PAMET_ROLL,
14751,NA_SE_EN_FROG_VOICE1,
14752,NA_SE_EN_GERUDOFT_WALK,
14753,NA_SE_EN_FROG_VOICE2,
14754,NA_SE_EN_B_PAMET_VOICE,
14755,NA_SE_EN_B_PAMET_REVERSE,
14756,NA_SE_EN_FREEZAD_BREATH,
14757,NA_SE_EN_FREEZAD_DAMAGE,
14758,NA_SE_EN_FREEZAD_DEAD,
14759,NA_SE_EN_DEKUHIMA_VOICE_HURY,
14760,NA_SE_EN_KINGNUTS_VOICE,
14761,NA_SE_EN_FROG_RUNAWAY,
14762,NA_SE_EN_LAST3_DEAD_DEAD1_OLD,
14763,NA_SE_EN_LAST3_DEAD_DEAD2_OLD,
14764,NA_SE_EN_FROG_RUNAWAY2,
14765,NA_SE_EN_DAIGOLON_SLEEP1,
14766,NA_SE_EN_IRONNACK_HIT_GND,
14767,NA_SE_EN_LAST3_DEAD_WIND1_OLD,
14768,NA_SE_EN_TWINROBA_LAUGH,
14769,NA_SE_EN_TWINROBA_LAUGH2,
14770,NA_SE_EN_IRONNACK_PULLOUT,
14771,NA_SE_EN_TWINROBA_SHOOT_VOICE,
14772,NA_SE_EN_LAST3_DEAD_WIND2_OLD,
14773,NA_SE_EN_LAST3_DEAD_WIND3_OLD,
14774,NA_SE_EN_LAST3_DEAD_LIGHTS_OLD,
14775,NA_SE_EN_PIRATE_BREATH,
14776,NA_SE_EN_LAST3_DEAD_ROD,
14777,NA_SE_EN_LAST2_SHOUT,
14778,NA_SE_EN_LAST2_PUMP_UP_OLD,
14779,NA_SE_EN_LAST2_GROW_HEAD_OLD,
14780,NA_SE_EN_LAST2_HEARTBEAT_OLD,
14781,NA_SE_EN_ANSATSUSYA_MOVING,
14782,NA_SE_EN_ANSATSUSYA_DASH_2,
14783,NA_SE_EN_LAST3_DEAD_FLOAT,
14784,NA_SE_EN_ANSATSUSYA_CRYING,
14785,NA_SE_EN_ANSATSUSYA_SKIP,
14786,NA_SE_EN_STALTURA_APPEAR,
14787,NA_SE_EN_ANSATSUSYA_JUMP,
14788,NA_SE_EN_ANSATSUSYA_FALL,
14789,NA_SE_EN_ANSATSUSYA_DAMAGE,
14790,NA_SE_EN_ANSATSUSYA_DEAD,
14791,NA_SE_EN_ANSATSUSYA_SWORD,
14792,NA_SE_EN_BAKUO_DEAD,
14793,NA_SE_EN_BAKUO_APPEAR,
14794,NA_SE_EN_LAST3_ROD_WIND_OLD,
14795,NA_SE_EN_LAST3_ROD_FLOOR_OLD,
14796,NA_SE_EN_LAST3_ROD_DANCE_OLD,
14797,NA_SE_EN_LAST3_ROD_HOP_OLD,
14798,NA_SE_EN_LAST3_ROD_HOP2_OLD,
14799,NA_SE_EN_GANON_RESTORE,
14800,NA_SE_EN_GOLON_CIRCLE,
14801,NA_SE_EN_GOLON_CIRCLE_OFF,
14802,NA_SE_EN_LAST1_BLOW_OLD,
14803,NA_SE_EN_LAST1_BEAM_OLD,
14804,NA_SE_EN_LAST1_ATTACK_OLD,
14805,NA_SE_EN_LAST1_DAMAGE1_OLD,
14806,NA_SE_EN_LAST1_DAMAGE2_OLD,
14807,NA_SE_EN_LAST1_FALL_OLD,
14808,NA_SE_EN_MGANON_STAND,
14809,NA_SE_EN_LAST2_FIRE_OLD,
14810,NA_SE_EN_STALGOLD_ROLL,
14811,NA_SE_EN_LAST2_WALK_OLD,
14812,NA_SE_EN_LAST2_WAIT_OLD,
14813,NA_SE_EN_LAST2_JUMP_OLD,
14814,NA_SE_EN_LAST2_BIRD_OLD,
14815,NA_SE_EN_LAST2_BIRD2_OLD,
14816,NA_SE_EN_STALTU_WAVE,
14817,NA_SE_EN_STALTU_DOWN_SET,
14818,NA_SE_EN_DEKU_WAKEUP,
14819,NA_SE_EN_LAST2_WALK2_OLD,
14820,NA_SE_EN_LAST1_FLOAT_OLD,
14821,NA_SE_EN_LAST1_ATTACK_2ND_OLD,
14822,NA_SE_EN_LAST1_ROLLING_OLD,
14823,NA_SE_EN_LAST3_GET_LINK_OLD,
14824,NA_SE_EN_PO_BIG_CRY,
14825,NA_SE_EN_STALTURA_BOUND,
14826,NA_SE_EN_STALGOLD_UP_CRY,
14827,NA_SE_EN_GOLON_CRY,
14828,NA_SE_EN_LAST3_ROD_SOFT,
14829,NA_SE_EN_LAST3_ROD_MID_OLD,
14830,NA_SE_EN_RIVA_BIG_APPEAR,
14831,NA_SE_EN_LAST3_ROD_HARD,
14832,NA_SE_EN_MUSI_WALK,
14833,NA_SE_EN_LAST3_COIL_ATTACK_OLD,
14834,NA_SE_EN_STALWALL_LAUGH,
14835,NA_SE_EN_PIRANHA_EXIST,
14836,NA_SE_EN_PIRANHA_ATTACK,
14837,NA_SE_EN_PIRANHA_DEAD,
14838,NA_SE_EN_KINGNUTS_DAMAGE,
14839,NA_SE_EN_COMMON_DEADLIGHT,
14840,NA_SE_EN_GOLONKID_WALK,
14841,NA_SE_EN_YMAJIN_MINI_DAMAGE,
14842,NA_SE_EN_YMAJIN_DAMAGE,
14843,NA_SE_EN_KOTAKE_SURPRISED,
14844,NA_SE_EN_HANDW_GET,
14845,NA_SE_EN_HANDW_RELEASE,
14846,NA_SE_EN_SLIME_SURFACE,
14847,NA_SE_EN_KOTAKE_SLEEP,
14848,NA_SE_EN_KOTAKE_SURPRISED2,
14849,NA_SE_EN_NEMURI_SLEEP,
14850,NA_SE_EN_LAST1_DEAD_OLD,
14851,NA_SE_EN_GOLON_SIRLOIN_ROLL,
14852,NA_SE_EN_GOLON_VOICE_EATFULL,
14853,NA_SE_EN_GOLON_SIRLOIN_EAT,
14854,NA_SE_EN_EYEGOLE_WALK,
14855,NA_SE_EN_EYEGOLE_STAND,
14856,NA_SE_EN_EYEGOLE_SIT,
14857,NA_SE_EN_INVADER_DEAD,
14858,NA_SE_EN_INVADER_FLOAT,
14859,NA_SE_EN_FOLLOWERS_BEAM_PRE,
14860,NA_SE_EN_FOLLOWERS_BEAM,
14861,NA_SE_EN_FOLLOWERS_DAMAGE,
14862,NA_SE_EN_FOLLOWERS_DEAD,
14863,NA_SE_EN_INBOSS_DEAD_PRE2_OLD,
14864,NA_SE_EN_IKURA_JUMP1,
14865,NA_SE_EN_IKURA_JUMP2,
14866,NA_SE_EN_IKURA_DAMAGE,
14867,NA_SE_EN_IKURA_DEAD,
14868,NA_SE_EN_ME_DAMAGE,
14869,NA_SE_EN_ME_DEAD,
14870,NA_SE_EN_ME_EXIST,
14871,NA_SE_EN_ME_ATTACK,
14872,NA_SE_EN_GOLONKID_SOB_TALK,
14873,NA_SE_EN_GOLONKID_YAWN,
14874,NA_SE_EN_GOLONKID_SNORE,
14875,NA_SE_EN_GOLON_SNORE1,
14876,NA_SE_EN_GOLON_SNORE2,
14877,NA_SE_EN_BUBLEFALL_APPEAR,
14878,NA_SE_EN_INBOSS_DEAD_OLD,
14879,NA_SE_EN_LAST1_BEAM2_OLD,
14880,NA_SE_EN_COMMON_EXTINCT_LEV,
14881,NA_SE_EN_BOSU_HEAD_MID,
14882,NA_SE_EN_BOSU_HEAD_SHORT,
14883,NA_SE_EN_DEBU_HEAD_MID,
14884,NA_SE_EN_DEBU_HEAD_SHORT,
14885,NA_SE_EN_YASE_HEAD_MID,
14886,NA_SE_EN_YASE_HEAD_SHORT,
14887,NA_SE_EN_BOSU_WALK,
14888,NA_SE_EN_DEBU_WALK,
14889,NA_SE_EN_YASE_WALK,
14890,NA_SE_EN_BOSU_SIT,
14891,NA_SE_EN_BOSU_STAND,
14892,NA_SE_EN_BOSU_HAND,
14893,NA_SE_EN_LAST3_KOMA_OLD,
14894,NA_SE_EN_KONB_PREATTACK_OLD,
14895,NA_SE_EN_BOSU_SHOCK,
14896,NA_SE_EN_BOSU_SHIT,
14897,NA_SE_EN_BOSU_ATTACK,
14898,NA_SE_EN_BOSU_CYNICAL,
14899,NA_SE_EN_BOSU_LAUGH,
14900,NA_SE_EN_BOSU_LAUGH_DEMO,
14901,NA_SE_EN_DEBU_ATTACK,
14902,NA_SE_EN_DEBU_LAUGH,
14903,NA_SE_EN_DEBU_PAUSE,
14904,NA_SE_EN_YASE_ATTACK,
14905,NA_SE_EN_YASE_LAUGH,
14906,NA_SE_EN_YASE_PAUSE,
14907,NA_SE_EN_BOSU_DAMAGE,
14908,NA_SE_EN_DEBU_DAMAGE,
14909,NA_SE_EN_YASE_DAMAGE,
14910,NA_SE_EN_BOSU_DEAD,
14911,NA_SE_EN_DEBU_DEAD,
14912,NA_SE_EN_YASE_DEAD,
14913,NA_SE_EN_DEBU_PAUSE_K,
14914,NA_SE_EN_DEBU_LAUGH_SHORT_K,
14915,NA_SE_EN_DEBU_LAUGH_K,
14916,NA_SE_EN_YASE_PAUSE_K,
14917,NA_SE_EN_YASE_LAUGH_K,
14918,NA_SE_EN_BOSU_LAUGH_DEMO_K,
14919,NA_SE_EN_DEBU_LAUGH_SHORT,
14920,NA_SE_EN_BOSU_LAUGH_K,
14921,NA_SE_EN_DEBU_ATTACK_W,
14922,NA_SE_EN_YASE_ATTACK_W,
14923,NA_SE_EN_BOSU_ATTACK_W,
14924,NA_SE_EN_STAL_FREEZE_LIGHTS,
14925,NA_SE_EN_BOSU_ATTACK_K,
14926,NA_SE_EN_BOSU_SWORD,
14927,NA_SE_EN_KONB_JUMP_LEV_OLD,
14928,NA_SE_EN_MIBOSS_FREEZE_OLD,
14929,NA_SE_EN_YMAJIN_THROW,
14930,NA_SE_EN_BOSU_HEAD_BITE,
14931,NA_SE_EN_BOSU_HEAD_FLOAT,
14932,NA_SE_EN_LAST3_VOICE_KICK_OLD,
14933,NA_SE_EN_LAST3_VOICE_KOMA_OLD,
14934,NA_SE_EN_LAST3_VOICE_ROD_OLD,
14935,NA_SE_EN_LAST3_VOICE_THROW_OLD,
14936,NA_SE_EN_LAST3_VOICE_LAUGH_OLD,
14937,NA_SE_EN_LAST3_VOICE_DAMAGE_OLD,
14938,NA_SE_EN_LAST3_VOICE_DAMAGE2_OLD,
14939,NA_SE_EN_LAST3_VOICE_DEAD_OLD,
14940,NA_SE_EN_BOSU_DEAD_VOICE,
14941,NA_SE_EN_DEBU_DEAD_VOICE,
14942,NA_SE_EN_YASE_DEAD_VOICE,
14943,NA_SE_EN_LAST2_BALLET_OLD,
14944,NA_SE_EN_LAST2_MOONWALK_OLD,
14945,NA_SE_EN_SHARP_FLOAT,
14946,NA_SE_EN_SHARP_REACTION,
14947,NA_SE_EN_REDEAD_WEAKENED1,
14948,NA_SE_EN_REDEAD_WEAKENED_L1,
14949,NA_SE_EN_REDEAD_WEAKENED2,
14950,NA_SE_EN_REDEAD_WEAKENED_L2,
14951,NA_SE_EN_PIRATE_ONGND,
14952,NA_SE_EN_FOLLOWERS_STAY,
14953,NA_SE_EN_LAST2_VOICE_BALLET,
14954,NA_SE_EN_LAST2_VOICE_UAUOO1_OLD,
14955,NA_SE_EN_LAST2_VOICE_UAUOO2_OLD,
14956,NA_SE_EN_LAST2_VOICE_SURPRISED_OLD,
14957,NA_SE_EN_LAST2_DAMAGE_OLD,
14958,NA_SE_EN_LAST2_DAMAGE2_OLD,
14959,NA_SE_EN_LAST2_DEAD_OLD,
14960,NA_SE_EN_LAST2_UAUOO_OLD,
14961,NA_SE_EN_LAST2_GYM_B_OLD,
14962,NA_SE_EN_PIRATE_COOL_LAUGH,
14963,NA_SE_EN_PIRATE_CYNICAL,
14964,NA_SE_EN_PIRATE_DAMM_BREATH,
14965,NA_SE_EN_PIRATE_SHOUT,
14966,NA_SE_EN_STAL01_LAUGH,
14967,NA_SE_EN_STAL02_LAUGH_SHORT,
14968,NA_SE_EN_STAL03_LAUGH_BIG,
14969,NA_SE_EN_STAL04_ANGER,
14970,NA_SE_EN_STAL05_CYNICAL,
14971,NA_SE_EN_STAL06_SURPRISED,
14972,NA_SE_EN_STAL07_ANTONISHED,
14973,NA_SE_EN_STAL08_CRY_BIG,
14974,NA_SE_EN_STAL09_SCREAM,
14975,NA_SE_EN_STAL10_LAUGH_SHY,
14976,NA_SE_EN_STAL11_LAUGH_SHY2,
14977,NA_SE_EN_STAL12_LAUGH_KIDLY,
14978,NA_SE_EN_STAL20_CALL_MOON,
14979,NA_SE_EN_STAL20_CALL_MOON2,
14980,NA_SE_EN_STAL21_PSYCHO_VOICE,
14981,NA_SE_EN_STALKIDS_DOWN_K,
14982,NA_SE_EN_AKINDO_FLY,
14983,NA_SE_EN_NPC_APPEAR,
14984,NA_SE_EN_NPC_FADEAWAY,
14985,NA_SE_EN_DEBU_PAUSEX2,
14986,NA_SE_EN_YASE_PAUSEX2,
14987,NA_SE_EN_DEBU_HEAD_UP,
14988,NA_SE_EN_YASE_HEAD_UP,
14989,NA_SE_EN_STAL22_LAUGH_KID_L,
14990,NA_SE_EN_EVIL_POWER,
14991,NA_SE_EN_STALKIDS_GASAGOSO,
14992,NA_SE_EN_BOSU_TALK,
14993,NA_SE_EN_FAMOS_REVERSE1,
14994,NA_SE_EN_FAMOS_REVERSE2,
14995,NA_SE_EN_FAMOS_FLOAT,
14996,NA_SE_EN_FAMOS_FLOAT_REVERSE,
14997,NA_SE_EN_KOTAKE_ROLL,
14998,NA_SE_EN_KOTAKE_FLY,
14999,NA_SE_EN_THIEFBIRD_VOICE,
15000,NA_SE_EN_THIEFBIRD_DAMAGE,
15001,NA_SE_EN_THIEFBIRD_DEAD,
15002,NA_SE_EN_STALKIDS_BODY,
15003,NA_SE_EN_STALKIDS_BODY_LEV,
15004,NA_SE_EN_BOSU_STAND_RAPID,
15005,NA_SE_EN_STAL24_SCREAM2,
15006,NA_SE_EN_STALKIDS_EARTHQUAKE,
15007,NA_SE_EN_MASK_FLOAT,
15008,NA_SE_EN_STALKIDS_PULLED,
15009,NA_SE_EN_KITA_SALUTE,
15010,NA_SE_EN_KTIA_WALK,
15011,NA_SE_EN_KTIA_PAUSE_K,
15012,NA_SE_EN_KITA_LAUGH_K,
15013,NA_SE_EN_KITA_DAMAGE,
15014,NA_SE_EN_KITA_DEAD,
15015,NA_SE_EN_STALBABY_LAUGH,
15016,NA_SE_EN_STALBABY_SURPRISED,
15017,NA_SE_EN_KITA_BREAK,
15018,NA_SE_EN_KITA_ATTACK_W,
15019,NA_SE_EN_KONB_WAIT_OLD,
15020,NA_SE_EN_DEATH_SCYTHE,
15021,NA_SE_EN_DEATH_ROLL,
15022,NA_SE_EN_DEATH_SCYTHE_LEV,
15023,NA_SE_EN_DEATH_SCYTHE_ONGND,
15024,NA_SE_EN_DEATH_VOICE,
15025,NA_SE_EN_DEATH_DAMAGE,
15026,NA_SE_EN_DEATH_DEAD,
15027,NA_SE_EN_DEATH_ATTACK,
15028,NA_SE_EN_DEATH_APPEAR,
15029,NA_SE_EN_DEATH_HEARTBREAK,
15030,NA_SE_EN_KONB_MINI_DEAD,
15031,NA_SE_EN_HALF_REDEAD_LOOP,
15032,NA_SE_EN_HALF_REDEAD_SURPRISE,
15033,NA_SE_EN_HALF_REDEAD_SCREAME,
15034,NA_SE_EN_HALF_REDEAD_TRANS,
15035,NA_SE_EN_GOLON_VOICE_GENERAL,
15036,NA_SE_EN_IWAIGORON_EVERYBODY,
15037,NA_SE_EN_IWAIGORON_SOLO,
15038,NA_SE_EN_ROMANI_WALK,
15039,NA_SE_EN_MOON_SCREAM1,
15040,NA_SE_EN_MOON_SCREAM2,
15041,NA_SE_EN_MOON_SCREAM3,
15042,NA_SE_EN_MOON_SCREAM4,
15043,NA_SE_EN_STALKIDS_HEADACHE,
15044,NA_SE_EN_BIGNUTS_WALK,
15045,NA_SE_EN_KITA_PAUSE,
15046,NA_SE_EN_ANSATSUSYA_LAUGH,
15047,NA_SE_EN__COPY514,
15048,NA_SE_EN__COPY515,
15049,NA_SE_EN__COPY516,
15050,NA_SE_EN__COPY517,
15051,NA_SE_EN__COPY518,
15052,NA_SE_EN__COPY519,
15053,NA_SE_EN_DALMANI_A,
15054,NA_SE_EN_DALMANI_B,
15055,NA_SE_EN_DALMANI_C,
15056,NA_SE_EN_DALMANI_D,
15057,NA_SE_EN__2D1,
15058,NA_SE_EN__2D2,
15059,NA_SE_EN_EVIL_POWER_PREDEMO,
15060,NA_SE_EN_KOUME_DAMAGE,
15061,NA_SE_EN_KOUME_DAMAGE2,
15062,NA_SE_EN_KONB_MINI_APPEAR,
15063,NA_SE_EN_IRONNACK_DAMAGE,
15064,NA_SE_EN_IRONNACK_DEAD,
15065,NA_SE_EN_ANSATSUSYA_ONGND,
15066,NA_SE_EN_ANSATSUSYA_ROCK,
15067,NA_SE_EN_REDEAD_REVERSE,
15068,NA_SE_EN_STALKIDS_NOSE,
15069,NA_SE_EN_KITA_SNORE,
15070,NA_SE_EN_IRONNACK_DASH,
15071,NA_SE_EN_TUBOOCK_FLY,
15072,NA_SE_EN_MIMICK_BREATH,
15073,NA_SE_EN_FANTOM_DEAD,
15074,NA_SE_EN_KAICHO_PIYORI,
15075,NA_SE_EN_READED_WALK,
15076,NA_SE_EN_LEADED_WHITE,
15077,NA_SE_EN_MIBOSS_APPEAR_B_OLD,
15078,NA_SE_EN_MIBOSS_KICK_OLD,
15079,NA_SE_EN_MIBOSS_HEADDOWN_OLD,
15080,NA_SE_EN_MIBOSS_LEGDOWN_OLD,
15081,NA_SE_EN_MIBOSS_WEAKWAIT_OLD,
15082,NA_SE_EN_MIBOSS_THRUST1_OLD,
15083,NA_SE_EN_MIBOSS_JUMP3_OLD,
15084,NA_SE_EN_MIBOSS_SWORD_ROLL_OLD,
15085,NA_SE_EN_MIBOSS_DANCE_THRUST_OLD,
15086,NA_SE_EN_MIBOSS_DANCE_FIRE_OLD,
15087,NA_SE_EN_B_PAMET_ROCK,
15088,NA_SE_EN_DUMMY753,
15089,NA_SE_EN_DUMMY_754,
15090,NA_SE_EN_FANTOM_FLOAT,
15091,NA_SE_EN_KONB_SUIKOMI,
15092,NA_SE_EN_KONB_LANDING_OLD,
15093,NA_SE_EN_KONB_SIBUKI_OLD,
15094,NA_SE_EN_KONB_PIYORI_OLD,
15095,NA_SE_EN_KOUME_UBAITORU,
15096,NA_SE_EN_STALKIDS_PSYCHO2,
15097,NA_SE_EN_RIZA_ATTACK3,
15098,NA_SE_EN_YASE_LAUGH_K_HOLD,
15099,NA_SE_EN_WIZ_DEAD_NEW,
15100,NA_SE_EN_HIPLOOP_BURN,
15101,NA_SE_EN_EYEGOLE_HATAKI,
15102,NA_SE_EN_DEKNUTS_DANCE_FADE,
15103,NA_SE_EN_NUTS_FURUERU,
15104,NA_SE_EN_PO_APPEAR_IDO,
15105,NA_SE_EN_FOLLOWERS_TO_KABE,
15106,NA_SE_EN_MUJURA_LAST_UP,
18433,NA_SE_SY_WIN_OPEN,
18434,NA_SE_SY_WIN_CLOSE,
18435,NA_SE_SY_CORRECT_CHIME,
18436,NA_SE_SY_GET_RUPY,
18437,NA_SE_SY_MESSAGE_WOMAN,
18438,NA_SE_SY_MESSAGE_MAN,
18439,NA_SE_SY_ERROR,
18440,NA_SE_SY_TRE_BOX_APPEAR,
18441,NA_SE_SY_DECIDE,
18442,NA_SE_SY_CURSOR,
18443,NA_SE_SY_CANCEL,
18444,NA_SE_SY_HP_RECOVER,
18445,NA_SE_SY_ATTENTION_ON,
18446,NA_SE_SY_DUMMY_13,
18447,NA_SE_SY_DUMMY_14,
18448,NA_SE_SY_LOCK_OFF,
18449,NA_SE_SY_LOCK_ON_HUMAN,
18450,NA_SE_SY_DUMMY_17,
18451,NA_SE_SY_DUMMY_18,
18452,NA_SE_SY_CAMERA_ZOOM_UP,
18453,NA_SE_SY_CAMERA_ZOOM_DOWN,
18454,NA_SE_SY_DUMMY_21,
18455,NA_SE_SY_DUMMY_22,
18456,NA_SE_SY_ATTENTION_ON_OLD,
18457,NA_SE_SY_MESSAGE_PASS,
18458,NA_SE_SY_WARNING_COUNT_N,
18459,NA_SE_SY_WARNING_COUNT_E,
18460,NA_SE_SY_HITPOINT_ALARM,
18461,NA_SE_SY_DUMMY_28,
18462,NA_SE_SY_DEMO_CUT,
18463,NA_SE_SY_NAVY_CALL,
18464,NA_SE_SY_GAUGE_UP,
18465,NA_SE_SY_DUMMY_32,
18466,NA_SE_SY_DUMMY_33,
18467,NA_SE_SY_DUMMY_34,
18468,NA_SE_SY_PIECE_OF_HEART,
18469,NA_SE_SY_GET_ITEM,
18470,NA_SE_SY_WIN_SCROLL_LEFT,
18471,NA_SE_SY_WIN_SCROLL_RIGHT,
18472,NA_SE_SY_OCARINA_ERROR,
18473,NA_SE_SY_CAMERA_ZOOM_UP_2,
18474,NA_SE_SY_CAMERA_ZOOM_DOWN_2,
18475,NA_SE_SY_GLASSMODE_ON,
18476,NA_SE_SY_GLASSMODE_OFF,
18477,NA_SE_SY_FOUND,
18478,NA_SE_SY_HIT_SOUND,
18479,NA_SE_SY_MESSAGE_END,
18480,NA_SE_SY_RUPY_COUNT,
18481,NA_SE_SY_LOCK_ON,
18482,NA_SE_SY_GET_BOXITEM,
18483,NA_SE_SY_WHITE_OUT_INTO_MOON,
18484,NA_SE_SY_WHITE_OUT_S,
18485,NA_SE_SY_WHITE_OUT_T,
18486,NA_SE_SY_START_SHOT,
18487,NA_SE_SY_METRONOME,
18488,NA_SE_SY_ATTENTION_URGENCY,
18489,NA_SE_SY_METRONOME_LV,
18490,NA_SE_SY_FSEL_CURSOR,
18491,NA_SE_SY_FSEL_DECIDE_S,
18492,NA_SE_SY_FSEL_DECIDE_L,
18493,NA_SE_SY_FSEL_CLOSE,
18494,NA_SE_SY_FSEL_ERROR,
18495,NA_SE_SY_SET_FIRE_ARROW,
18496,NA_SE_SY_SET_ICE_ARROW,
18497,NA_SE_SY_SET_LIGHT_ARROW,
18498,NA_SE_SY_SYNTH_MAGIC_ARROW,
18499,NA_SE_SY_METRONOME_2,
18500,NA_SE_SY_KINSTA_MARK_APPEAR,
18501,NA_SE_SY_FIVE_COUNT_LUPY,
18502,NA_SE_SY_CARROT_RECOVER,
10767,NA_SE_EV_FAIVE_LUPY_COUNT,
18503,NA_SE_SY_METRONOME_TEMPO,
18504,NA_SE_SY_COMICAL_SOUND0_0,
18505,NA_SE_SY_COMICAL_SOUND0_1,
18506,NA_SE_SY_COMICAL_SOUND0_LAST,
18507,NA_SE_SY_SOUT_DEMO,
18508,NA_SE_SY_TIMESIGNAL_BELL,
18509,NA_SE_SY_DEKUNUTS_JUMP_FAILED,
18510,NA_SE_SY_ATTENTION_SOUND,
18511,NA_SE_SY_TRANSFORM_MASK_FLASH,
18512,NA_SE_SY_CAMERA_SHUTTER,
18513,NA_SE_SY_STALKIDS_PSYCHO,
18514,NA_SE_SY_CHICK_JOIN_CHIME,
18515,NA_SE_SY_HIT_SOUND_L,
18516,NA_SE_SY_FAIRY_MASK_SUCCESS,
18517,NA_SE_SY_SCHEDULE_WRITE,
18518,NA_SE_SY_STOPWATCH_TIMER_3,
18519,NA_SE_SY_STOPWATCH_TIMER_INF,
18520,NA_SE_SY_EARTHQUAKE_OUTDOOR,
18521,NA_SE_SY_SPIRAL_DASH,
18522,NA_SE_SY_QUIZ_CORRECT,
18523,NA_SE_SY_QUIZ_INCORRECT,
18524,NA_SE_SY_DIZZY_EFFECT,
18525,NA_SE_SY_TIME_CONTROL_SLOW,
18526,NA_SE_SY_TIME_CONTROL_NORMAL,
18527,NA_SE_SY_SECOM_WARNING,
18528,NA_SE_SY_WIN_CHANGE,
18529,NA_SE_SY_TOUCH1,
18530,NA_SE_SY_MENU_CHAT_MOVE,
18531,NA_SE_SY_YUBI_MOVE,
18532,NA_SE_SY_CHAT_ALLERT_IN,
18533,NA_SE_SY_CHAT_ALLERT,
18534,NA_SE_SY_CHAT_ALLERT_OUT,
18535,NA_SE_SY_TOUCH2,
18536,NA_SE_SY_TOUCH2_OUT,
18537,NA_SE_SY_TOUCH3,
18538,NA_SE_SY_TOUCH4,
18539,NA_SE_SY_YUBI_CURSOL_KEY,
18540,NA_SE_SY_EVENT_INFO,
18541,NA_SE_SY_CLEAR1,
18542,NA_SE_SY_ALARM_MOVE,
18543,NA_SE_SY_QUEST_NEW,
18544,NA_SE_SY_EVENT_FAIL,
18545,NA_SE_SY_QUEST_CLEAR,
18546,NA_SE_SY_CHAT_ALARM_OFF,
18547,NA_SE_SY_CHAT_ALARM_INFO,
18548,NA_SE_SY_ICON_MOVE,
18549,NA_SE_SY_ICON_MOVE_SET,
18550,NA_SE_SY_DIAMOND_SWITCH,
18551,NA_SE_SY_PREDEMO_EVIL,
18552,NA_SE_SY_PREDEMO_OMEN,
22528,NA_SE_OC_OCARINA,
22529,NA_SE_OC_ABYSS,
22530,NA_SE_OC_DOOR_OPEN,
22531,NA_SE_OC_SECRET_WARP_IN,
22532,NA_SE_OC_SECRET_WARP_OUT,
22533,NA_SE_OC_SECRET_HOLE_OUT,
22534,NA_SE_OC_REVENGE,
22535,NA_SE_OC_TUNAMI,
22536,NA_SE_OC_TELOP_IMPACT,
22537,NA_SE_OC_WOOD_GATE_OPEN,
22538,NA_SE_OC_FIREWORKS,
22539,NA_SE_OC_WHITE_OUT_INTO_KYOJIN,
22540,NA_SE_OC_12,
22541,NA_SE_OC_13,
22542,NA_SE_OC_14,
22543,NA_SE_OC_15,
22544,NA_SE_OC_HINT_MOVIE,
22545,NA_SE_OC_HINT_MOVIE2_WHITE,
22546,NA_SE_OC_HINT_MOVIE_ZOOMIN,
22547,NA_SE_OC_HIBIKI_ISHI,
26624,NA_SE_VO_LI_SWORD_N,
26625,NA_SE_VO_LI_SWORD_L,
26626,NA_SE_VO_LI_LASH,
26627,NA_SE_VO_LI_HANG,
26628,NA_SE_VO_LI_CLIMB_END,
26629,NA_SE_VO_LI_DAMAGE_S,
26630,NA_SE_VO_LI_FREEZE,
26631,NA_SE_VO_LI_FALL_S,
26632,NA_SE_VO_LI_FALL_L,
26633,NA_SE_VO_LI_BREATH_REST,
26634,NA_SE_VO_LI_BREATH_DRINK,
26635,NA_SE_VO_LI_DOWN,
26636,NA_SE_VO_LI_TAKEN_AWAY,
26637,NA_SE_VO_LI_HELD,
26638,NA_SE_VO_LI_SNEEZE,
26639,NA_SE_VO_LI_SWEAT,
26640,NA_SE_VO_LI_DRINK,
26641,NA_SE_VO_LI_RELAX,
26642,NA_SE_VO_LI_SWORD_PUTAWAY,
26643,NA_SE_VO_LI_GROAN,
26644,NA_SE_VO_LI_AUTO_JUMP,
26645,NA_SE_VO_LI_MAGIC_NALE,
26646,NA_SE_VO_LI_SURPRISE,
26647,NA_SE_VO_LI_MAGIC_FROL,
26648,NA_SE_VO_LI_PUSH,
26649,NA_SE_VO_LI_HOOKSHOT_HANG,
26650,NA_SE_VO_LI_LAND_DAMAGE_S,
26651,NA_SE_VO_LI_MAGIC_START,
26652,NA_SE_VO_LI_MAGIC_ATTACK,
26653,NA_SE_VO_BL_DOWN,
26654,NA_SE_VO_LI_DEMO_DAMAGE,
26655,NA_SE_VO_LI_SWORD_N_COPY30,
26656,NA_SE_VO_DUMMY_32,
26657,NA_SE_VO_DUMMY_33,
26658,NA_SE_VO_DUMMY_34,
26659,NA_SE_VO_DUMMY_35,
26660,NA_SE_VO_DUMMY_36,
26661,NA_SE_VO_DUMMY_37,
26662,NA_SE_VO_DUMMY_38,
26663,NA_SE_VO_DUMMY_39,
26664,NA_SE_VO_NAVY_ENEMY,
26665,NA_SE_VO_NAVY_HELLO,
26666,NA_SE_VO_NAVY_HEAR,
26667,NA_SE_VO_DUMMY_43,
26668,NA_SE_VO_DUMMY_44,
26669,NA_SE_VO_DUMMY_45,
26670,NA_SE_VO_DUMMY_46,
26671,NA_SE_VO_DUMMY_47,
26672,NA_SE_VO_DUMMY_48,
26673,NA_SE_VO_DUMMY_49,
26674,NA_SE_VO_DUMMY_50,
26675,NA_SE_VO_DUMMY_51,
26676,NA_SE_VO_DUMMY_52,
26677,NA_SE_VO_DUMMY_53,
26678,NA_SE_VO_DUMMY_54,
26679,NA_SE_VO_DUMMY_55,
26680,NA_SE_VO_DUMMY_56,
26681,NA_SE_VO_DUMMY_57,
26682,NA_SE_VO_DUMMY_58,
26683,NA_SE_VO_DUMMY_59,
26684,NA_SE_VO_DUMMY_60,
26685,NA_SE_VO_DUMMY_61,
26686,NA_SE_VO_DUMMY_62,
26687,NA_SE_VO_DUMMY_63,
26688,NA_SE_VO_LK_WAKE_UP,
26689,NA_SE_VO_LK_CATCH_DEMO,
26690,NA_SE_VO_LK_DRAGGED_DAMAGE,
26691,NA_SE_VO_NAVY_CALL,
26692,NA_SE_VO_NA_HELLO_3,
26693,NA_SE_VO_CHAT_MESSAGE_CALL,
26694,NA_SE_VO_BELL_MESSAGE,
26695,NA_SE_VO_MONDO_MESSAGE,
26696,NA_SE_VO_LK_USING_UP_ENERGY,
26697,NA_SE_VO_DUMMY_73,
26698,NA_SE_VO_GO_SLEEP,
26699,NA_SE_VO_NP_SLEEP_OUT,
26700,NA_SE_VO_DUMMY_76,
26701,NA_SE_VO_DUMMY_77,
26702,NA_SE_VO_NP_DRINK,
26703,NA_SE_VO_DUMMY_79,
26704,NA_SE_VO_NARRATION_0,
26705,NA_SE_VO_TA_SURPRISE,
26706,NA_SE_VO_TA_CRY_0,
26707,NA_SE_VO_TA_CRY_1,
26708,NA_SE_VO_IN_CRY_0,
26709,NA_SE_VO_IN_LOST,
26710,NA_SE_VO_IN_LASH_0,
26711,NA_SE_VO_IN_LASH_1,
26712,NA_SE_VO_FR_LAUGH_0,
26713,NA_SE_VO_FR_SMILE_0,
26714,NA_SE_VO_NB_AGONY,
26715,NA_SE_VO_NB_CRY_0,
26716,NA_SE_VO_NB_NOTICE,
26717,NA_SE_VO_NA_HELLO_0,
26718,NA_SE_VO_NA_HELLO_1,
26719,NA_SE_VO_NA_HELLO_2,
26720,NA_SE_VO_RT_CRASH,
26721,NA_SE_VO_RT_DISCOVER,
26722,NA_SE_VO_RT_FALL,
26723,NA_SE_VO_RT_LAUGH_0,
26724,NA_SE_VO_RT_LIFT,
26725,NA_SE_VO_RT_THROW,
26726,NA_SE_VO_RT_UNBALLANCE,
26727,NA_SE_VO_ST_DAMAGE,
26728,NA_SE_VO_ST_ATTACK,
26729,NA_SE_VO_Z0_HURRY,
26730,NA_SE_VO_Z0_MEET,
26731,NA_SE_VO_Z0_QUESTION,
26732,NA_SE_VO_Z0_SIGH_0,
26733,NA_SE_VO_Z0_SMILE_0,
26734,NA_SE_VO_Z0_SURPRISE,
26735,NA_SE_VO_Z0_THROW,
26736,NA_SE_VO_SK_CRY_0,
26737,NA_SE_VO_SK_CRY_1,
26738,NA_SE_VO_SK_CRASH,
26739,NA_SE_VO_NA_LISTEN,
26740,NA_SE_VO_SK_SHOUT,
26741,NA_SE_VO_Z1_CRY_0,
26742,NA_SE_VO_Z1_CRY_1,
26743,NA_SE_VO_Z1_OPENDOOR,
26744,NA_SE_VO_FR_SMILE_1,
26745,NA_SE_VO_FR_SMILE_2,
26746,NA_SE_VO_KZ_MOVE,
26747,NA_SE_VO_NB_LAUGH,
26748,NA_SE_VO_IN_JOY0,
26749,NA_SE_VO_IN_JOY1,
26750,NA_SE_VO_IN_JOY2,
26751,NA_SE_VO_DUMMY_127,
26752,NA_SE_VO_DUMMY_128,
26753,NA_SE_VO_DUMMY_129,
26754,NA_SE_VO_DUMMY_130,
26755,NA_SE_VO_DUMMY_131,
26756,NA_SE_VO_DUMMY_132,
26757,NA_SE_VO_DUMMY_133,
26758,NA_SE_VO_DUMMY_134,
26759,NA_SE_VO_DUMMY_135,
26760,NA_SE_VO_DUMMY_136,
26761,NA_SE_VO_DUMMY_137,
26762,NA_SE_VO_DUMMY_138,
26763,NA_SE_VO_DUMMY_139,
26764,NA_SE_VO_DUMMY_140,
26765,NA_SE_VO_DUMMY_141,
26766,NA_SE_VO_DUMMY_142,
26767,NA_SE_VO_DUMMY_143,
26768,NA_SE_VO_DUMMY_144,
26769,NA_SE_VO_DUMMY_145,
26770,NA_SE_VO_DUMMY_146,
26771,NA_SE_VO_DUMMY_147,
26772,NA_SE_VO_DUMMY_148,
26773,NA_SE_VO_DUMMY_149,
26774,NA_SE_VO_DUMMY_150,
26775,NA_SE_VO_DUMMY_151,
26776,NA_SE_VO_DUMMY_152,
26777,NA_SE_VO_DUMMY_153,
26778,NA_SE_VO_DUMMY_154,
26779,NA_SE_VO_DUMMY_155,
26780,NA_SE_VO_DUMMY_156,
26781,NA_SE_VO_DUMMY_157,
26782,NA_SE_VO_DUMMY_158,
26783,NA_SE_VO_DUMMY_159,
26784,NA_SE_VO_DUMMY_160,
26785,NA_SE_VO_DUMMY_161,
26786,NA_SE_VO_DUMMY_162,
26787,NA_SE_VO_DUMMY_163,
26788,NA_SE_VO_DUMMY_164,
26789,NA_SE_VO_DUMMY_165,
26790,NA_SE_VO_DUMMY_166,
26791,NA_SE_VO_DUMMY_167,
26792,NA_SE_VO_DUMMY_168,
26793,NA_SE_VO_DUMMY_169,
26794,NA_SE_VO_DUMMY_170,
26795,NA_SE_VO_DUMMY_171,
26796,NA_SE_VO_DUMMY_172,
26797,NA_SE_VO_DUMMY_173,
26798,NA_SE_VO_DUMMY_174,
26799,NA_SE_VO_DUMMY_175,
26800,NA_SE_VO_DUMMY_176,
26801,NA_SE_VO_DUMMY_177,
26802,NA_SE_VO_DUMMY_178,
26803,NA_SE_VO_DUMMY_179,
26804,NA_SE_VO_DUMMY_180,
26805,NA_SE_VO_DUMMY_181,
26806,NA_SE_VO_DUMMY_182,
26807,NA_SE_VO_DUMMY_183,
26808,NA_SE_VO_DUMMY_184,
26809,NA_SE_VO_DUMMY_185,
26810,NA_SE_VO_DUMMY_186,
26811,NA_SE_VO_DUMMY_187,
26812,NA_SE_VO_DUMMY_188,
26813,NA_SE_VO_DUMMY_189,
26814,NA_SE_VO_DUMMY_190,
26815,NA_SE_VO_DUMMY_191,
26816,NA_SE_VO_DUMMY_192,
26817,NA_SE_VO_DUMMY_193,
26818,NA_SE_VO_DUMMY_194,
26819,NA_SE_VO_DUMMY_195,
26820,NA_SE_VO_DUMMY_196,
26821,NA_SE_VO_DUMMY_197,
26822,NA_SE_VO_DUMMY_198,
26823,NA_SE_VO_DUMMY_199,
26824,NA_SE_VO_DUMMY_200,
26825,NA_SE_VO_DUMMY_201,
26826,NA_SE_VO_DUMMY_202,
26827,NA_SE_VO_DUMMY_203,
26828,NA_SE_VO_DUMMY_204,
26829,NA_SE_VO_DUMMY_205,
26830,NA_SE_VO_DUMMY_206,
26831,NA_SE_VO_DUMMY_207,
26832,NA_SE_VO_DUMMY_208,
26833,NA_SE_VO_DUMMY_209,
26834,NA_SE_VO_DUMMY_210,
26835,NA_SE_VO_DUMMY_211,
26836,NA_SE_VO_DUMMY_212,
26837,NA_SE_VO_DUMMY_213,
26838,NA_SE_VO_DUMMY_214,
26839,NA_SE_VO_DUMMY_215,
26840,NA_SE_VO_DUMMY_216,
26841,NA_SE_VO_DUMMY_217,
26842,NA_SE_VO_DUMMY_218,
26843,NA_SE_VO_DUMMY_219,
26844,NA_SE_VO_DUMMY_220,
26845,NA_SE_VO_DUMMY_221,
26846,NA_SE_VO_DUMMY_222,
26847,NA_SE_VO_DUMMY_223,
26848,NA_SE_VO_LI_POO_WAIT,
26849,NA_SE_VO_DUMMY_225,
26850,NA_SE_VO_DUMMY_226,
26851,NA_SE_VO_DUMMY_227,
26852,NA_SE_VO_DUMMY_228,
26853,NA_SE_VO_DUMMY_229,
26854,NA_SE_VO_DUMMY_230,
26855,NA_SE_VO_DUMMY_231,
26856,NA_SE_VO_DUMMY_232,
26857,NA_SE_VO_DUMMY_233,
26858,NA_SE_VO_DUMMY_234,
26859,NA_SE_VO_DUMMY_235,
26860,NA_SE_VO_DUMMY_236,
26861,NA_SE_VO_DUMMY_237,
26862,NA_SE_VO_DUMMY_238,
26863,NA_SE_VO_DUMMY_239,
26864,NA_SE_VO_DUMMY_240,
26865,NA_SE_VO_DUMMY_241,
26866,NA_SE_VO_DUMMY_242,
26867,NA_SE_VO_DUMMY_243,
26868,NA_SE_VO_DUMMY_244,
26869,NA_SE_VO_DUMMY_245,
26870,NA_SE_VO_DUMMY_246,
26871,NA_SE_VO_DUMMY_247,
26872,NA_SE_VO_DUMMY_248,
26873,NA_SE_VO_DUMMY_249,
26874,NA_SE_VO_DUMMY_250,
26875,NA_SE_VO_DUMMY_251,
26876,NA_SE_VO_DUMMY_252,
26877,NA_SE_VO_DUMMY_253,
26878,NA_SE_VO_DUMMY_254,
26879,NA_SE_VO_DUMMY_255,
26880,NA_SE_VO_JMVO02,
26881,NA_SE_VO_JMVO04,
26882,NA_SE_VO_CDVO00,
26883,NA_SE_VO_CDVO01,
26884,NA_SE_VO_CDVO02,
26885,NA_SE_VO_CDVO03,
26886,NA_SE_VO_BBVO00,
26887,NA_SE_VO_BBVO01,
26888,NA_SE_VO_BBVO02,
26889,NA_SE_VO_BBVO03,
26890,NA_SE_VO_BBVO04,
26891,NA_SE_VO_BBVO05,
26892,NA_SE_VO_OBVO01,
26893,NA_SE_VO_ARVO00,
26894,NA_SE_VO_ARVO01,
26895,NA_SE_VO_MMVO00,
26896,NA_SE_VO_MMVO01,
26897,NA_SE_VO_MMVO02,
26898,NA_SE_VO_MMVO03,
26899,NA_SE_VO_MMVO04,
26900,NA_SE_VO_MMVO05,
26901,NA_SE_VO_ABVO00,
26902,NA_SE_VO_ABVO01,
26903,NA_SE_VO_NPVO00,
26904,NA_SE_VO_FPVO00,
26905,NA_SE_VO_FPVO01,
26906,NA_SE_VO_FPVO02,
26907,NA_SE_VO_FPVO03,
26908,NA_SE_VO_ROVO01,
26909,NA_SE_VO_ROVO02,
26910,NA_SE_VO_RYVO01,
26911,NA_SE_VO_RYVO02,
26912,NA_SE_VO_RYVO03,
26913,NA_SE_VO_RYVO04,
26914,NA_SE_VO_ANVO00,
26915,NA_SE_VO_ANVO01,
26916,NA_SE_VO_ANVO02,
26917,NA_SE_VO_ANVO03,
26918,NA_SE_VO_CRVO00,
26919,NA_SE_VO_CRVO01,
26920,NA_SE_VO_CRVO02,
26921,NA_SE_VO_CRVO03,
26922,NA_SE_VO_HNVO00,
26923,NA_SE_VO_HNVO01,
26924,NA_SE_VO_HNVO02,
26925,NA_SE_VO_RMVO00,
26926,NA_SE_VO_RMVO01,
26927,NA_SE_VO_RMVO02,
26928,NA_SE_VO_PMVO01,
26929,NA_SE_VO_PMVO02,
26930,NA_SE_VO_PMVO03,
26931,NA_SE_VO_DHVO00,
26932,NA_SE_VO_DHVO01,
26933,NA_SE_VO_DHVO02,
26934,NA_SE_VO_DHVO03,
26935,NA_SE_VO_DHVO04,
26936,NA_SE_VO_TFVO00,
26937,NA_SE_VO_ANVO04,
26938,NA_SE_VO_ANVO05,
26939,NA_SE_VO_PMVO00,
26940,NA_SE_VO_CHVO03,
26941,NA_SE_VO_CHVO04,
26942,NA_SE_VO_CHVO05,
26943,NA_SE_VO_CHVO06,
26944,NA_SE_VO_CHVO07,
26945,NA_SE_VO_CHVO08,
26946,NA_SE_VO_CHVO09,
26947,NA_SE_VO_DPVO00,
26948,NA_SE_VO_DPVO01,
26949,NA_SE_VO_DPVO02,
26950,NA_SE_VO_SKVO00,
26951,NA_SE_VO_SKVO01,
26952,NA_SE_VO_KHVO00,
26953,NA_SE_VO_KHVO01,
26954,NA_SE_VO_KHVO02,
26955,NA_SE_VO_SHVO00,
26956,NA_SE_VO_SHVO01,
26957,NA_SE_VO_KAVO02,
26958,NA_SE_VO_KAVO03,
26959,NA_SE_VO_MTVO00,
26960,NA_SE_VO_TTVO00,
26961,NA_SE_VO_ITVO00,
26962,NA_SE_VO_ITVO01,
26963,NA_SE_VO_ITVO02,
26964,NA_SE_VO_KMVO00,
26965,NA_SE_VO_KMVO01,
26966,NA_SE_VO_JOVO00,
26967,NA_SE_VO_JYVO00,
26968,NA_SE_VO_DTVO00,
26969,NA_SE_VO_GUVO00,
26970,NA_SE_VO_KTVO00,
26971,NA_SE_VO_KTVO01,
26972,NA_SE_VO_KTVO03,
26973,NA_SE_VO_ZBVO00,
26974,NA_SE_VO_ZBVO01,
26975,NA_SE_VO_DAVO01,
26976,NA_SE_VO_SHVO04,
26977,NA_SE_VO_GBVO02,
26978,NA_SE_VO_GBVO03,
26979,NA_SE_VO_PFVO00,
26980,NA_SE_VO_PFVO01,
26981,NA_SE_VO_GAVO00,
26982,NA_SE_VO_GAVO01,
26983,NA_SE_VO_DJVO00,
26984,NA_SE_VO_DJVO01,
26985,NA_SE_VO_MSVO00,
26986,NA_SE_VO_MSVO01,
26987,NA_SE_VO_JPVO00,
26988,NA_SE_VO_HYVO00,
26989,NA_SE_VO_HYVO01,
26990,NA_SE_VO_BAVO00,
26991,NA_SE_VO_POVO00,
26992,NA_SE_VO_DAVO00,
26993,NA_SE_VO_DAVO02,
26994,NA_SE_VO_MKVO00,
26995,NA_SE_VO_MKVO01,
26996,NA_SE_VO_MKVO02,
26997,NA_SE_VO_MKVO03,
26998,NA_SE_VO_MKVO04,
26999,NA_SE_VO_TIVO00,
27000,NA_SE_VO_TIVO01,
27001,NA_SE_VO_TIVO02,
27002,NA_SE_VO_TIVO03,
27003,NA_SE_VO_TIVO04,
27004,NA_SE_VO_TIVO05,
27005,NA_SE_VO_OMVO00,
27006,NA_SE_VO_OMVO01,
27007,NA_SE_VO_OMVO02,
27008,NA_SE_VO_OMVO03,
27009,NA_SE_VO_OMVO04,
27010,NA_SE_VO_OMVO05,
27011,NA_SE_VO_OMVO06,
27012,NA_SE_VO_DEMO_FALL2,
27013,NA_SE_VO_DEMO_384,
27014,NA_SE_VO_DEMO_385,
27015,NA_SE_VO_DEMO_386,
27016,NA_SE_VO_DEMO_387,
27017,NA_SE_VO_DEMO_388,
27018,NA_SE_VO_DEMO_389,
27019,NA_SE_VO_DEMO_390,
15107,NA_SE_EN_MIBOSS_FALL,
15108,NA_SE_EN_MIBOSS_DAMAGE,
15109,NA_SE_EN_MIBOSS_DASH,
15110,NA_SE_EN_MIBOSS_DEAD,
15111,NA_SE_EN_MIBOSS_GND1,
15112,NA_SE_EN_MIBOSS_GND2,
15113,NA_SE_EN_MIBOSS_UNARI,
15114,NA_SE_EN_MIBOSS_RHYTHM,
15115,NA_SE_EN_MIBOSS_SWORD,
15116,NA_SE_EN_MIBOSS_JUMP1_NOTUSE,
15117,NA_SE_EN_MIBOSS_JUMP2_NOTUSE,
15118,NA_SE_EN_MIBOSS_VOICE1,
15119,NA_SE_EN_MIBOSS_VOICE2,
15120,NA_SE_EN_MIBOSS_VOICE3,
15121,NA_SE_EN_MIBOSS_FAINT,
15122,NA_SE_EN_MIBOSS_ROLLING,
15123,NA_SE_EN_MIBOSS_FREEZE,
15124,NA_SE_EN_MIBOSS_APPEAR_B,
15125,NA_SE_EN_MIBOSS_KICK,
15126,NA_SE_EN_MIBOSS_HEADDOWN,
15127,NA_SE_EN_MIBOSS_LEGDOWN,
15128,NA_SE_EN_MIBOSS_WEAKWAIT,
15129,NA_SE_EN_MIBOSS_THRUST1,
15130,NA_SE_EN_MIBOSS_JUMP3,
15131,NA_SE_EN_MIBOSS_SWORD_ROLL,
15132,NA_SE_EN_MIBOSS_DANCE_THRUST,
15133,NA_SE_EN_MIBOSS_DANCE_FIRE,
15134,NA_SE_EN_ICEB_FOOTSTEP,
15135,NA_SE_EN_ICEB_CRY,
15136,NA_SE_EN_ICEB_STEAM_LONG,
15137,NA_SE_EN_ICEB_STEAMS_DEMO,
15138,NA_SE_EN_ICEB_STEAM_DEMO_UP,
15139,NA_SE_EN_ICEB_DEAD,
15140,NA_SE_EN_ICEB_DAMAGE,
15141,NA_SE_EN_ICEB_SLIDING,
15142,NA_SE_EN_ICEB_BACK_ATTACK2,
15143,NA_SE_EN_KONB_BITE,
15144,NA_SE_EN_KONB_BOUND,
15145,NA_SE_EN_KONB_BOUND2,
15146,NA_SE_EN_KONB_DAMAGE,
15147,NA_SE_EN_KONB_DEAD,
15148,NA_SE_EN_KONB_DEAD2,
15149,NA_SE_EN_KONB_DEAD_JUMP,
15150,NA_SE_EN_KONB_DEAD_JUMP2,
15151,NA_SE_EN_KONB_DEMO_MOVE,
15152,NA_SE_EN_KONB_INIT,
15153,NA_SE_EN_KONB_JUMP,
15154,NA_SE_EN_KONB_JUMP_LEV,
15155,NA_SE_EN_KONB_LANDING,
15156,NA_SE_EN_KONB_MINI_APPEAR_NOTUSE,
15157,NA_SE_EN_KONB_PIYORI,
15158,NA_SE_EN_KONB_PREATTACK,
15159,NA_SE_EN_KONB_SIBUKI,
15160,NA_SE_EN_KONB_SINK,
15161,NA_SE_EN_KONB_WAIT,
15162,NA_SE_EN_KONB_DODAI_FALL,
15163,NA_SE_EN_KONB_SUIKOMU,
15164,NA_SE_EN_KONB_TABERU,
15165,NA_SE_EN_KONB_TOBIDASU,
15166,NA_SE_EN_KONB_TOSSIN1_KAMAE,
15167,NA_SE_EN_KONB_TOSSIN1_DASH,
15168,NA_SE_EN_KONB_TOSSIN1_TYAKUSUI,
15169,NA_SE_EN_KONB_BOMB1_INSIDE,
15170,NA_SE_EN_KONB_BOMB1_OUTSIDE,
15171,NA_SE_EN_KONB_MEDAMA_APPEAR,
15172,NA_SE_EN_KONB_BOMB_CHAIN,
15173,NA_SE_EN_KONB_CHIAN_SLASH,
15174,NA_SE_EN_KONB_INFO_SAKEBI,
15175,NA_SE_EN_KONB_INFO_SAKEBI_LONG,
15176,NA_SE_EN_KONB_DODAI_ATTACK1,
15177,NA_SE_EN_KONB_DODAI_ATTACK2,
15178,NA_SE_EN_KONB_TAORE,
15179,NA_SE_EN_INBOSS_SAND,
15180,NA_SE_EN_INBOSS_ROAR,
15181,NA_SE_EN_INBOSS_DAMAGE,
15182,NA_SE_EN_INBOSS_DEAD_PRE2,
15183,NA_SE_EN_INBOSS_DEAD,
15184,NA_SE_EN_INBOSS_DOWN_PRE,
15185,NA_SE_EN_INBOSS_BRESS_PRE,
15186,NA_SE_EN_INBOSS_SANRAN,
15187,NA_SE_EN_INBOSS_CHIBI_WALK,
15188,NA_SE_EN_INBOSS_CHIBI_DAMAGE,
15189,NA_SE_EN_INBOSS_CHIBI_DEAD,
15190,NA_SE_EN_INBOSS_CHIBI_RUN,
15191,NA_SE_EN_INBOSS_JIMEN_MORI,
15192,NA_SE_EN_INBOSS_JIMEN_DERU,
15193,NA_SE_EN_INBOSS_UNDER_MOVE,
15194,NA_SE_EN_INBOSS_BREATH,
15195,NA_SE_EN_INBOSS_DAMAGE_MOVE,
15196,NA_SE_EN_INBOSS_MEDAMA_DERU,
15197,NA_SE_EN_INBOSS_FIREBALL_FLY,
15198,NA_SE_EN_INBOSS_SANRAN_SHORT,
15199,NA_SE_EN_INBOSS_DOWN,
15200,NA_SE_EN_INBOSS_DEAD_RED,
15201,NA_SE_EN_INBOSS_TAME,
15202,NA_SE_EN_LAST1_ATTACK,
15203,NA_SE_EN_LAST1_ATTACK_2ND,
15204,NA_SE_EN_LAST1_BEAM,
15205,NA_SE_EN_LAST1_BEAM2,
15206,NA_SE_EN_LAST1_BLOW,
15207,NA_SE_EN_LAST1_DAMAGE1,
15208,NA_SE_EN_LAST1_DAMAGE2,
15209,NA_SE_EN_LAST1_DEAD,
15210,NA_SE_EN_LAST1_DEMO_BREAK_NOUSE,
15211,NA_SE_EN_LAST1_DEMO_WALL_NOUSE,
15212,NA_SE_EN_LAST1_FALL,
15213,NA_SE_EN_LAST1_FLOAT,
15214,NA_SE_EN_LAST1_GROW_HEAD_NOTUSE,
15215,NA_SE_EN_LAST1_ROLLING,
15216,NA_SE_EN_LAST1_TRANSFORM_NOTUSE,
15217,NA_SE_EN_LAST2_BALLET,
15218,NA_SE_EN_LAST2_BIRD,
15219,NA_SE_EN_LAST2_BIRD2,
15220,NA_SE_EN_LAST2_DAMAGE,
15221,NA_SE_EN_LAST2_DAMAGE2,
15222,NA_SE_EN_LAST2_DEAD,
15223,NA_SE_EN_LAST2_FIRE,
15224,NA_SE_EN_LAST2_GROW_HEAD,
15225,NA_SE_EN_LAST2_VOICE_UAUOO2,
15226,NA_SE_EN_LAST2_GYM_B,
15227,NA_SE_EN_LAST2_HEARTBEAT,
15228,NA_SE_EN_LAST2_JUMP,
15229,NA_SE_EN_LAST2_VOICE_UAUOO1,
15230,NA_SE_EN_LAST2_MOONWALK,
15231,NA_SE_EN_LAST2_PUMP_UP,
15232,NA_SE_EN_LAST2_SHOUT_NOTUSE,
15233,NA_SE_EN_LAST2_VOICE_SURPRISED,
15234,NA_SE_EN_LAST2_UAUOO,
15235,NA_SE_EN_LAST2_WAIT,
15236,NA_SE_EN_LAST2_WALK,
15237,NA_SE_EN_LAST2_WALK2,
15238,NA_SE_EN_LAST3_COIL_ATTACK,
15239,NA_SE_EN_LAST3_VOICE_DAMAGE,
15240,NA_SE_EN_LAST3_VOICE_DAMAGE2,
15241,NA_SE_EN_LAST3_VOICE_DEAD,
15242,NA_SE_EN_LAST3_DEAD_DEAD1,
15243,NA_SE_EN_LAST3_DEAD_DEAD2,
15244,NA_SE_EN_LAST3_DEAD_FLOAT_NOTUSE,
15245,NA_SE_EN_LAST3_DEAD_LIGHTS,
15246,NA_SE_EN_LAST3_DEAD_ROD_NOTUSE,
15247,NA_SE_EN_LAST3_DEAD_WIND1,
15248,NA_SE_EN_LAST3_DEAD_WIND2,
15249,NA_SE_EN_LAST3_DEAD_WIND3,
15250,NA_SE_EN_LAST3_GET_LINK,
15251,NA_SE_EN_LAST3_VOICE_KICK,
15252,NA_SE_EN_LAST3_KOMA,
15253,NA_SE_EN_LAST3_ROD_DANCE,
15254,NA_SE_EN_LAST3_ROD_MID,
15255,NA_SE_EN_LAST3_ROD_FLOOR,
15256,NA_SE_EN_LAST3_ROD_HOP,
15257,NA_SE_EN_LAST3_ROD_HOP2,
15258,NA_SE_EN_LAST3_ROD_WIND,
15259,NA_SE_EN_LAST3_VOICE_KOMA,
15260,NA_SE_EN_LAST3_VOICE_ROD,
15261,NA_SE_EN_LAST3_VOICE_THROW,
15262,NA_SE_EN_LAST3_VOICE_LAUGH,
15263,NA_SE_EN_LAST1_SIZZLE,
15264,NA_SE_EN_LAST1_LAND2,
15265,NA_SE_EN_LAST3_WHIP1,
10768,NA_SE_EV_LAVA_HIT,
10769,NA_SE_EV_LAVA_WHOOSH,
